,0,1,2,3,4,5,6,7,8,9,10,11,12,13,14,15
0,6.0,19.0,27707.0,2.0,0.0,27.0,0.0,0.0,0.0,5.0,5.0,1.0,0.0,5.0,3.0,0.0
1,10.0,26.0,27706.0,0.0,4.0,2.0,4.0,0.0,0.0,2.0,5.0,3.0,2.0,3.0,2.0,4.0
2,2.0,25.0,27707.0,0.0,1.0,53.0,2.0,0.0,0.0,1.0,5.0,5.0,5.0,3.0,3.0,2.0
3,9.0,26.0,27707.0,0.0,4.0,52.0,4.0,0.0,0.0,1.0,3.0,4.0,0.0,5.0,5.0,9.0
4,10.0,22.0,27707.0,1.0,4.0,91.0,2.0,0.0,0.0,3.0,2.0,0.0,0.0,2.0,5.0,6.0
5,6.0,21.0,27705.0,2.0,1.0,16.0,1.0,0.0,0.0,3.0,4.0,5.0,1.0,1.0,1.0,8.0
6,0.0,27.0,27706.0,2.0,4.0,18.0,0.0,0.0,0.0,2.0,3.0,4.0,4.0,3.0,3.0,8.0
7,11.0,28.0,27707.0,0.0,0.0,74.0,3.0,0.0,0.0,3.0,4.0,2.0,0.0,4.0,5.0,0.0
8,10.0,29.0,27705.0,0.0,1.0,67.0,3.0,0.0,0.0,4.0,2.0,9.0,4.0,2.0,2.0,7.0
9,8.0,26.0,27707.0,1.0,2.0,12.0,1.0,0.0,0.0,5.0,5.0,0.0,0.0,5.0,2.0,2.0
10,6.0,19.0,27707.0,0.0,1.0,97.0,1.0,1.0,0.0,4.0,3.0,6.0,5.0,3.0,2.0,7.0
11,11.0,28.0,27705.0,1.0,1.0,56.0,2.0,1.0,0.0,4.0,2.0,6.0,3.0,2.0,2.0,2.0
12,5.0,18.0,27707.0,2.0,0.0,13.0,0.0,0.0,0.0,4.0,1.0,0.0,0.0,2.0,4.0,8.0
13,6.0,26.0,27706.0,0.0,1.0,44.0,1.0,1.0,0.0,5.0,5.0,8.0,5.0,4.0,4.0,2.0
14,8.0,28.0,27705.0,2.0,0.0,25.0,3.0,1.0,0.0,3.0,4.0,7.0,2.0,1.0,1.0,4.0
15,4.0,24.0,27705.0,2.0,3.0,46.0,2.0,1.0,0.0,5.0,4.0,7.0,3.0,1.0,1.0,6.0
16,8.0,24.0,27706.0,0.0,2.0,21.0,3.0,1.0,0.0,1.0,3.0,2.0,2.0,5.0,5.0,0.0
17,6.0,20.0,27707.0,1.0,0.0,6.0,3.0,1.0,0.0,5.0,5.0,0.0,5.0,5.0,1.0,0.0
18,4.0,28.0,27705.0,1.0,3.0,52.0,1.0,0.0,0.0,5.0,4.0,8.0,1.0,3.0,5.0,3.0
19,4.0,29.0,27707.0,1.0,2.0,7.0,3.0,0.0,0.0,4.0,3.0,4.0,4.0,2.0,2.0,7.0
20,7.0,25.0,27705.0,0.0,1.0,4.0,4.0,1.0,0.0,1.0,5.0,2.0,5.0,2.0,5.0,5.0
21,9.0,28.0,27705.0,0.0,2.0,80.0,4.0,0.0,0.0,4.0,5.0,0.0,3.0,4.0,2.0,8.0
22,1.0,26.0,27707.0,0.0,3.0,86.0,0.0,1.0,0.0,4.0,3.0,2.0,1.0,4.0,4.0,1.0
23,5.0,30.0,27706.0,1.0,1.0,54.0,3.0,1.0,0.0,4.0,2.0,2.0,5.0,3.0,1.0,4.0
24,2.0,29.0,27705.0,0.0,4.0,48.0,4.0,1.0,0.0,4.0,1.0,6.0,0.0,3.0,3.0,4.0
25,9.0,22.0,27706.0,0.0,4.0,14.0,4.0,1.0,0.0,1.0,2.0,3.0,5.0,3.0,4.0,5.0
26,9.0,28.0,27705.0,2.0,3.0,29.0,1.0,0.0,0.0,5.0,4.0,9.0,3.0,2.0,1.0,6.0
27,1.0,25.0,27705.0,0.0,4.0,76.0,1.0,1.0,0.0,5.0,4.0,3.0,0.0,5.0,1.0,2.0
28,2.0,25.0,27706.0,2.0,4.0,24.0,4.0,1.0,0.0,2.0,4.0,4.0,2.0,1.0,3.0,6.0
29,2.0,26.0,27705.0,0.0,3.0,79.0,3.0,0.0,0.0,1.0,1.0,9.0,2.0,2.0,3.0,6.0
30,5.0,29.0,27707.0,1.0,2.0,88.0,0.0,0.0,0.0,1.0,2.0,3.0,1.0,3.0,3.0,0.0
31,10.0,27.0,27707.0,2.0,0.0,75.0,1.0,1.0,0.0,5.0,3.0,4.0,3.0,2.0,5.0,4.0
32,2.0,22.0,27707.0,0.0,4.0,27.0,3.0,0.0,0.0,4.0,5.0,1.0,0.0,1.0,2.0,9.0
33,2.0,30.0,27705.0,0.0,1.0,68.0,2.0,0.0,0.0,5.0,5.0,6.0,5.0,5.0,3.0,4.0
34,4.0,26.0,27706.0,0.0,2.0,29.0,4.0,1.0,0.0,5.0,3.0,6.0,1.0,4.0,5.0,10.0
35,8.0,22.0,27706.0,2.0,1.0,62.0,2.0,1.0,0.0,5.0,5.0,6.0,3.0,5.0,1.0,0.0
36,5.0,18.0,27706.0,0.0,4.0,10.0,2.0,1.0,0.0,2.0,4.0,7.0,1.0,2.0,3.0,7.0
37,0.0,27.0,27705.0,0.0,0.0,85.0,1.0,1.0,0.0,1.0,1.0,3.0,0.0,5.0,5.0,6.0
38,5.0,21.0,27706.0,1.0,2.0,76.0,2.0,1.0,0.0,1.0,3.0,6.0,4.0,3.0,1.0,0.0
39,1.0,25.0,27705.0,2.0,4.0,72.0,4.0,0.0,0.0,4.0,3.0,6.0,2.0,2.0,3.0,7.0
40,9.0,28.0,27705.0,2.0,0.0,24.0,0.0,0.0,0.0,2.0,5.0,6.0,2.0,5.0,4.0,4.0
41,11.0,30.0,27707.0,0.0,1.0,39.0,4.0,1.0,0.0,2.0,2.0,1.0,0.0,5.0,4.0,4.0
42,2.0,28.0,27706.0,2.0,1.0,93.0,0.0,0.0,0.0,1.0,2.0,10.0,0.0,4.0,5.0,4.0
43,9.0,25.0,27706.0,2.0,4.0,81.0,4.0,1.0,0.0,2.0,1.0,0.0,2.0,5.0,5.0,3.0
44,3.0,28.0,27705.0,2.0,0.0,34.0,2.0,1.0,0.0,4.0,1.0,2.0,0.0,1.0,2.0,10.0
45,5.0,21.0,27707.0,0.0,4.0,76.0,1.0,0.0,0.0,5.0,3.0,1.0,1.0,1.0,4.0,3.0
46,2.0,28.0,27706.0,0.0,1.0,76.0,3.0,0.0,0.0,3.0,1.0,3.0,3.0,2.0,2.0,1.0
47,2.0,23.0,27706.0,0.0,3.0,43.0,4.0,0.0,0.0,3.0,1.0,7.0,4.0,5.0,5.0,9.0
48,11.0,22.0,27706.0,1.0,2.0,15.0,2.0,0.0,0.0,5.0,3.0,0.0,5.0,5.0,1.0,10.0
49,0.0,24.0,27707.0,0.0,0.0,30.0,3.0,1.0,0.0,2.0,3.0,4.0,5.0,2.0,5.0,2.0
50,0.0,19.0,27705.0,2.0,4.0,40.0,4.0,0.0,0.0,4.0,5.0,4.0,1.0,5.0,1.0,4.0
51,9.0,24.0,27707.0,2.0,2.0,9.0,2.0,0.0,0.0,1.0,2.0,6.0,1.0,1.0,2.0,6.0
52,11.0,25.0,27706.0,2.0,1.0,39.0,2.0,0.0,0.0,4.0,4.0,10.0,2.0,1.0,3.0,10.0
53,11.0,28.0,27707.0,0.0,3.0,61.0,0.0,0.0,0.0,1.0,4.0,8.0,2.0,1.0,3.0,9.0
54,1.0,25.0,27706.0,0.0,1.0,89.0,3.0,0.0,0.0,3.0,1.0,10.0,1.0,3.0,2.0,9.0
55,0.0,23.0,27705.0,1.0,3.0,80.0,3.0,0.0,0.0,2.0,5.0,3.0,4.0,4.0,5.0,9.0
56,0.0,25.0,27707.0,1.0,2.0,73.0,3.0,1.0,0.0,1.0,2.0,9.0,4.0,3.0,5.0,0.0
57,10.0,30.0,27705.0,2.0,3.0,28.0,4.0,1.0,0.0,3.0,3.0,3.0,4.0,2.0,2.0,7.0
58,5.0,25.0,27706.0,0.0,1.0,81.0,2.0,1.0,0.0,3.0,3.0,8.0,4.0,1.0,4.0,6.0
59,6.0,25.0,27706.0,1.0,3.0,66.0,1.0,1.0,0.0,4.0,5.0,1.0,1.0,1.0,4.0,4.0
60,3.0,25.0,27707.0,0.0,2.0,40.0,0.0,1.0,0.0,2.0,5.0,2.0,0.0,3.0,2.0,10.0
61,3.0,20.0,27707.0,0.0,3.0,57.0,0.0,0.0,0.0,2.0,2.0,7.0,5.0,1.0,2.0,5.0
62,4.0,23.0,27705.0,2.0,3.0,34.0,2.0,1.0,0.0,3.0,2.0,2.0,3.0,4.0,3.0,10.0
63,6.0,29.0,27707.0,0.0,3.0,27.0,4.0,0.0,0.0,2.0,4.0,0.0,5.0,3.0,2.0,10.0
64,3.0,24.0,27707.0,0.0,3.0,5.0,0.0,1.0,0.0,3.0,1.0,1.0,5.0,5.0,1.0,7.0
65,6.0,23.0,27707.0,0.0,0.0,18.0,3.0,0.0,0.0,3.0,4.0,7.0,1.0,1.0,1.0,8.0
66,6.0,26.0,27707.0,0.0,3.0,79.0,4.0,0.0,0.0,3.0,2.0,0.0,4.0,4.0,3.0,2.0
67,3.0,25.0,27705.0,0.0,0.0,43.0,3.0,1.0,0.0,3.0,1.0,6.0,1.0,4.0,2.0,7.0
68,6.0,22.0,27707.0,0.0,4.0,95.0,4.0,1.0,0.0,5.0,5.0,9.0,3.0,1.0,1.0,6.0
69,5.0,19.0,27707.0,0.0,3.0,41.0,4.0,0.0,0.0,5.0,4.0,8.0,4.0,2.0,2.0,10.0
70,6.0,26.0,27706.0,0.0,0.0,46.0,3.0,1.0,0.0,1.0,3.0,10.0,5.0,1.0,1.0,5.0
71,8.0,20.0,27706.0,2.0,3.0,61.0,3.0,1.0,0.0,4.0,2.0,3.0,5.0,3.0,2.0,6.0
72,9.0,22.0,27707.0,2.0,0.0,90.0,4.0,1.0,0.0,1.0,5.0,1.0,4.0,3.0,4.0,7.0
73,6.0,28.0,27706.0,2.0,4.0,76.0,2.0,1.0,0.0,4.0,1.0,7.0,0.0,3.0,2.0,1.0
74,7.0,25.0,27705.0,2.0,0.0,70.0,3.0,0.0,0.0,2.0,3.0,6.0,1.0,3.0,3.0,8.0
75,5.0,19.0,27706.0,2.0,0.0,61.0,2.0,1.0,0.0,2.0,2.0,4.0,5.0,2.0,3.0,9.0
76,3.0,25.0,27705.0,2.0,2.0,18.0,3.0,1.0,0.0,4.0,2.0,3.0,5.0,4.0,1.0,8.0
77,7.0,30.0,27706.0,1.0,2.0,86.0,3.0,0.0,0.0,2.0,3.0,3.0,5.0,2.0,3.0,8.0
78,5.0,29.0,27705.0,0.0,3.0,62.0,2.0,0.0,0.0,2.0,3.0,2.0,1.0,3.0,4.0,7.0
79,0.0,19.0,27706.0,1.0,1.0,48.0,2.0,1.0,0.0,1.0,5.0,8.0,5.0,4.0,4.0,6.0
80,6.0,24.0,27707.0,1.0,2.0,78.0,1.0,0.0,0.0,4.0,2.0,10.0,2.0,2.0,2.0,3.0
81,7.0,22.0,27705.0,2.0,3.0,93.0,0.0,0.0,0.0,1.0,3.0,8.0,4.0,1.0,3.0,8.0
82,7.0,22.0,27706.0,2.0,1.0,32.0,2.0,1.0,0.0,4.0,4.0,2.0,3.0,5.0,5.0,5.0
83,5.0,24.0,27705.0,1.0,1.0,28.0,1.0,1.0,0.0,3.0,2.0,6.0,0.0,2.0,4.0,4.0
84,0.0,25.0,27706.0,2.0,4.0,78.0,4.0,1.0,0.0,3.0,5.0,3.0,5.0,5.0,3.0,7.0
85,2.0,19.0,27707.0,1.0,3.0,17.0,2.0,0.0,0.0,3.0,5.0,6.0,3.0,2.0,5.0,6.0
86,5.0,19.0,27706.0,1.0,1.0,26.0,0.0,1.0,0.0,2.0,5.0,9.0,4.0,5.0,5.0,0.0
87,5.0,24.0,27706.0,1.0,2.0,53.0,3.0,1.0,0.0,2.0,1.0,1.0,2.0,2.0,3.0,4.0
88,2.0,28.0,27706.0,1.0,2.0,32.0,0.0,0.0,0.0,3.0,5.0,5.0,3.0,4.0,2.0,2.0
89,0.0,18.0,27705.0,1.0,4.0,74.0,1.0,1.0,0.0,4.0,1.0,3.0,5.0,1.0,5.0,9.0
90,7.0,25.0,27706.0,1.0,3.0,96.0,4.0,1.0,0.0,4.0,5.0,2.0,5.0,1.0,5.0,1.0
91,8.0,27.0,27705.0,0.0,4.0,66.0,4.0,1.0,0.0,5.0,2.0,6.0,0.0,2.0,5.0,3.0
92,1.0,20.0,27706.0,1.0,0.0,91.0,2.0,1.0,0.0,3.0,2.0,9.0,3.0,2.0,4.0,0.0
93,0.0,20.0,27705.0,2.0,3.0,12.0,3.0,0.0,0.0,1.0,2.0,6.0,3.0,2.0,3.0,1.0
94,3.0,30.0,27707.0,0.0,3.0,12.0,3.0,1.0,0.0,4.0,3.0,6.0,3.0,4.0,2.0,9.0
95,3.0,27.0,27705.0,1.0,0.0,8.0,0.0,1.0,0.0,2.0,5.0,0.0,3.0,5.0,5.0,7.0
96,11.0,21.0,27707.0,0.0,3.0,29.0,4.0,0.0,0.0,3.0,2.0,10.0,3.0,4.0,3.0,5.0
97,5.0,29.0,27705.0,1.0,1.0,16.0,1.0,1.0,0.0,5.0,3.0,6.0,5.0,1.0,3.0,8.0
98,9.0,20.0,27705.0,2.0,0.0,56.0,4.0,0.0,0.0,3.0,4.0,7.0,1.0,3.0,1.0,10.0
99,7.0,25.0,27706.0,2.0,1.0,74.0,1.0,1.0,0.0,1.0,1.0,9.0,1.0,3.0,1.0,1.0
100,11.0,29.0,27706.0,1.0,3.0,14.0,1.0,1.0,0.0,3.0,3.0,7.0,5.0,2.0,5.0,9.0
101,10.0,23.0,27705.0,2.0,1.0,15.0,0.0,1.0,0.0,3.0,2.0,3.0,0.0,1.0,5.0,5.0
102,10.0,20.0,27706.0,1.0,4.0,85.0,1.0,0.0,0.0,2.0,1.0,7.0,4.0,2.0,4.0,6.0
103,7.0,25.0,27705.0,1.0,2.0,49.0,0.0,1.0,0.0,5.0,3.0,2.0,4.0,4.0,3.0,9.0
104,8.0,21.0,27706.0,1.0,1.0,19.0,4.0,1.0,0.0,3.0,5.0,8.0,2.0,4.0,5.0,5.0
105,5.0,25.0,27705.0,2.0,0.0,77.0,2.0,1.0,0.0,1.0,5.0,8.0,1.0,5.0,5.0,2.0
106,9.0,19.0,27705.0,0.0,4.0,4.0,3.0,1.0,0.0,5.0,5.0,1.0,4.0,5.0,2.0,6.0
107,0.0,23.0,27705.0,2.0,0.0,45.0,3.0,0.0,0.0,5.0,2.0,5.0,1.0,2.0,1.0,5.0
108,9.0,26.0,27706.0,0.0,1.0,74.0,0.0,1.0,0.0,1.0,1.0,3.0,3.0,4.0,4.0,4.0
109,11.0,21.0,27706.0,1.0,4.0,40.0,1.0,0.0,0.0,3.0,4.0,3.0,1.0,4.0,4.0,2.0
110,11.0,26.0,27707.0,0.0,0.0,71.0,4.0,0.0,0.0,2.0,3.0,9.0,3.0,3.0,5.0,3.0
111,1.0,30.0,27705.0,0.0,0.0,42.0,3.0,0.0,0.0,1.0,5.0,10.0,5.0,3.0,5.0,8.0
112,9.0,27.0,27705.0,1.0,4.0,86.0,3.0,1.0,0.0,5.0,5.0,2.0,2.0,3.0,2.0,1.0
113,2.0,25.0,27705.0,0.0,4.0,17.0,0.0,0.0,0.0,4.0,1.0,9.0,2.0,5.0,4.0,3.0
114,11.0,22.0,27705.0,1.0,4.0,81.0,3.0,0.0,0.0,5.0,5.0,1.0,0.0,3.0,2.0,2.0
115,8.0,21.0,27707.0,1.0,1.0,31.0,2.0,1.0,0.0,5.0,2.0,5.0,1.0,5.0,1.0,7.0
116,10.0,30.0,27705.0,1.0,4.0,42.0,1.0,1.0,0.0,5.0,5.0,3.0,1.0,4.0,1.0,1.0
117,11.0,22.0,27707.0,0.0,2.0,9.0,4.0,0.0,0.0,3.0,1.0,10.0,2.0,3.0,5.0,1.0
118,11.0,23.0,27706.0,1.0,2.0,32.0,1.0,0.0,0.0,3.0,5.0,3.0,0.0,3.0,5.0,9.0
119,5.0,26.0,27707.0,1.0,4.0,44.0,1.0,0.0,0.0,5.0,2.0,4.0,3.0,2.0,1.0,0.0
120,4.0,18.0,27706.0,0.0,2.0,79.0,3.0,1.0,0.0,4.0,3.0,0.0,3.0,3.0,5.0,9.0
121,4.0,25.0,27705.0,1.0,0.0,50.0,0.0,1.0,0.0,4.0,4.0,8.0,3.0,1.0,1.0,7.0
122,11.0,24.0,27707.0,0.0,2.0,26.0,4.0,0.0,0.0,4.0,2.0,5.0,2.0,5.0,1.0,6.0
123,11.0,25.0,27705.0,2.0,3.0,18.0,1.0,0.0,0.0,2.0,2.0,8.0,4.0,1.0,1.0,6.0
124,1.0,27.0,27707.0,0.0,0.0,70.0,3.0,0.0,0.0,5.0,5.0,2.0,1.0,4.0,2.0,6.0
125,4.0,27.0,27705.0,1.0,3.0,92.0,2.0,1.0,0.0,4.0,1.0,3.0,3.0,1.0,2.0,1.0
126,7.0,18.0,27707.0,2.0,2.0,28.0,2.0,0.0,0.0,1.0,4.0,10.0,5.0,5.0,1.0,3.0
127,11.0,25.0,27707.0,1.0,2.0,42.0,2.0,1.0,0.0,5.0,4.0,1.0,4.0,4.0,5.0,3.0
128,1.0,22.0,27705.0,2.0,1.0,9.0,2.0,0.0,0.0,2.0,4.0,4.0,0.0,5.0,1.0,7.0
129,7.0,29.0,27707.0,0.0,4.0,80.0,1.0,0.0,0.0,2.0,3.0,3.0,4.0,3.0,5.0,1.0
130,7.0,23.0,27707.0,0.0,3.0,92.0,3.0,1.0,0.0,2.0,5.0,4.0,1.0,5.0,4.0,9.0
131,9.0,25.0,27705.0,2.0,0.0,28.0,1.0,1.0,0.0,4.0,2.0,8.0,5.0,2.0,2.0,5.0
132,0.0,24.0,27705.0,1.0,1.0,25.0,2.0,0.0,0.0,2.0,2.0,7.0,4.0,3.0,5.0,2.0
133,10.0,24.0,27707.0,1.0,1.0,88.0,0.0,1.0,0.0,1.0,2.0,7.0,3.0,3.0,1.0,4.0
134,2.0,30.0,27706.0,0.0,0.0,21.0,1.0,1.0,0.0,4.0,1.0,0.0,2.0,5.0,4.0,1.0
135,2.0,28.0,27706.0,0.0,3.0,89.0,0.0,0.0,0.0,2.0,4.0,5.0,4.0,1.0,4.0,7.0
136,6.0,30.0,27707.0,1.0,1.0,76.0,1.0,1.0,0.0,2.0,3.0,6.0,3.0,1.0,5.0,1.0
137,4.0,28.0,27705.0,0.0,1.0,47.0,3.0,0.0,0.0,3.0,5.0,8.0,5.0,3.0,3.0,10.0
138,9.0,19.0,27705.0,2.0,1.0,71.0,3.0,0.0,0.0,5.0,5.0,8.0,4.0,2.0,3.0,2.0
139,3.0,28.0,27705.0,0.0,2.0,79.0,4.0,1.0,0.0,1.0,2.0,6.0,5.0,2.0,5.0,1.0
140,1.0,21.0,27705.0,0.0,2.0,87.0,4.0,0.0,0.0,4.0,3.0,1.0,4.0,3.0,4.0,8.0
141,5.0,26.0,27706.0,2.0,4.0,63.0,0.0,1.0,0.0,3.0,3.0,6.0,1.0,2.0,5.0,6.0
142,6.0,27.0,27706.0,1.0,1.0,55.0,3.0,1.0,0.0,3.0,1.0,3.0,2.0,4.0,2.0,6.0
143,9.0,28.0,27706.0,1.0,3.0,90.0,0.0,0.0,0.0,4.0,2.0,0.0,3.0,2.0,4.0,6.0
144,10.0,19.0,27706.0,0.0,1.0,82.0,3.0,0.0,0.0,5.0,2.0,2.0,4.0,2.0,5.0,4.0
145,3.0,30.0,27706.0,2.0,3.0,35.0,2.0,0.0,0.0,4.0,5.0,6.0,5.0,2.0,3.0,2.0
146,2.0,30.0,27706.0,2.0,4.0,67.0,4.0,0.0,0.0,3.0,3.0,3.0,0.0,1.0,2.0,2.0
147,7.0,18.0,27707.0,2.0,2.0,51.0,2.0,0.0,0.0,5.0,2.0,2.0,2.0,5.0,5.0,2.0
148,4.0,22.0,27705.0,1.0,0.0,17.0,3.0,0.0,0.0,2.0,4.0,0.0,0.0,2.0,5.0,6.0
149,4.0,20.0,27706.0,1.0,3.0,71.0,0.0,1.0,0.0,2.0,3.0,8.0,3.0,3.0,5.0,1.0
150,10.0,26.0,27705.0,1.0,1.0,71.0,4.0,1.0,0.0,5.0,2.0,2.0,3.0,4.0,1.0,8.0
151,0.0,27.0,27705.0,1.0,3.0,46.0,4.0,1.0,0.0,3.0,1.0,0.0,5.0,5.0,5.0,9.0
152,1.0,30.0,27705.0,1.0,1.0,18.0,3.0,0.0,0.0,4.0,3.0,5.0,2.0,3.0,1.0,6.0
153,9.0,20.0,27706.0,2.0,0.0,25.0,0.0,0.0,0.0,3.0,5.0,2.0,1.0,2.0,5.0,10.0
154,8.0,28.0,27707.0,2.0,4.0,62.0,4.0,1.0,0.0,2.0,4.0,4.0,0.0,3.0,3.0,6.0
155,4.0,19.0,27707.0,0.0,0.0,62.0,3.0,0.0,0.0,3.0,3.0,4.0,4.0,3.0,2.0,10.0
156,2.0,21.0,27705.0,1.0,0.0,33.0,3.0,0.0,0.0,5.0,4.0,4.0,4.0,2.0,3.0,3.0
157,2.0,29.0,27705.0,0.0,2.0,3.0,4.0,1.0,0.0,5.0,4.0,6.0,1.0,3.0,4.0,1.0
158,4.0,28.0,27705.0,1.0,3.0,4.0,2.0,1.0,0.0,4.0,4.0,3.0,3.0,4.0,5.0,8.0
159,0.0,24.0,27707.0,0.0,4.0,63.0,0.0,1.0,0.0,4.0,3.0,10.0,5.0,2.0,3.0,1.0
160,6.0,20.0,27707.0,1.0,3.0,29.0,3.0,1.0,0.0,1.0,2.0,4.0,3.0,1.0,1.0,7.0
161,9.0,18.0,27705.0,2.0,1.0,89.0,4.0,0.0,0.0,5.0,3.0,8.0,1.0,3.0,3.0,6.0
162,4.0,19.0,27705.0,0.0,1.0,39.0,1.0,1.0,0.0,2.0,5.0,4.0,2.0,5.0,5.0,6.0
163,4.0,23.0,27705.0,2.0,3.0,20.0,1.0,1.0,0.0,2.0,4.0,7.0,5.0,5.0,1.0,10.0
164,9.0,27.0,27706.0,0.0,4.0,26.0,4.0,0.0,0.0,5.0,2.0,1.0,1.0,5.0,5.0,5.0
165,0.0,28.0,27707.0,2.0,4.0,32.0,3.0,0.0,0.0,4.0,1.0,4.0,0.0,3.0,3.0,0.0
166,10.0,21.0,27705.0,2.0,0.0,63.0,1.0,0.0,0.0,3.0,3.0,9.0,3.0,4.0,3.0,10.0
167,9.0,24.0,27705.0,0.0,1.0,74.0,3.0,0.0,0.0,3.0,2.0,0.0,2.0,5.0,4.0,1.0
168,3.0,27.0,27706.0,0.0,0.0,68.0,0.0,1.0,0.0,2.0,3.0,9.0,5.0,1.0,3.0,10.0
169,0.0,29.0,27705.0,1.0,1.0,19.0,0.0,0.0,0.0,3.0,3.0,1.0,3.0,1.0,2.0,7.0
170,9.0,22.0,27705.0,1.0,0.0,64.0,3.0,0.0,0.0,1.0,4.0,5.0,5.0,2.0,2.0,4.0
171,11.0,24.0,27707.0,1.0,2.0,30.0,3.0,1.0,0.0,3.0,4.0,5.0,1.0,1.0,1.0,9.0
172,9.0,21.0,27707.0,1.0,0.0,73.0,0.0,0.0,0.0,1.0,2.0,3.0,2.0,3.0,3.0,1.0
173,11.0,21.0,27707.0,1.0,1.0,6.0,3.0,1.0,0.0,5.0,1.0,6.0,0.0,3.0,2.0,3.0
174,6.0,24.0,27707.0,0.0,4.0,61.0,2.0,1.0,0.0,2.0,3.0,7.0,3.0,4.0,3.0,0.0
175,11.0,19.0,27706.0,0.0,3.0,90.0,0.0,0.0,0.0,4.0,1.0,9.0,2.0,3.0,2.0,7.0
176,7.0,27.0,27707.0,0.0,2.0,67.0,2.0,1.0,0.0,4.0,4.0,2.0,4.0,2.0,2.0,7.0
177,4.0,22.0,27705.0,0.0,4.0,31.0,0.0,0.0,0.0,3.0,3.0,5.0,4.0,3.0,3.0,2.0
178,9.0,24.0,27705.0,2.0,3.0,29.0,4.0,1.0,0.0,4.0,2.0,3.0,5.0,5.0,3.0,1.0
179,2.0,23.0,27705.0,2.0,4.0,36.0,1.0,1.0,0.0,3.0,4.0,7.0,4.0,2.0,2.0,10.0
180,6.0,24.0,27705.0,0.0,0.0,72.0,2.0,1.0,0.0,2.0,5.0,5.0,4.0,2.0,5.0,8.0
181,11.0,20.0,27705.0,1.0,2.0,43.0,2.0,0.0,0.0,3.0,3.0,6.0,4.0,2.0,3.0,7.0
182,3.0,30.0,27705.0,2.0,2.0,10.0,3.0,0.0,0.0,1.0,5.0,9.0,3.0,2.0,3.0,7.0
183,5.0,26.0,27707.0,1.0,1.0,62.0,0.0,1.0,0.0,5.0,2.0,3.0,4.0,3.0,1.0,10.0
184,6.0,29.0,27707.0,0.0,3.0,55.0,3.0,1.0,0.0,1.0,1.0,8.0,1.0,5.0,5.0,5.0
185,3.0,28.0,27705.0,1.0,4.0,99.0,2.0,0.0,0.0,1.0,4.0,7.0,2.0,2.0,1.0,6.0
186,2.0,27.0,27706.0,0.0,3.0,94.0,3.0,0.0,0.0,3.0,1.0,8.0,3.0,5.0,4.0,1.0
187,4.0,27.0,27707.0,2.0,0.0,22.0,1.0,0.0,0.0,5.0,1.0,5.0,3.0,2.0,2.0,4.0
188,7.0,21.0,27705.0,0.0,4.0,91.0,4.0,0.0,0.0,3.0,2.0,0.0,0.0,3.0,4.0,0.0
189,9.0,19.0,27706.0,0.0,1.0,71.0,4.0,0.0,0.0,2.0,3.0,5.0,4.0,4.0,1.0,10.0
190,10.0,23.0,27707.0,2.0,3.0,63.0,2.0,0.0,0.0,3.0,1.0,1.0,1.0,2.0,3.0,1.0
191,7.0,23.0,27706.0,0.0,2.0,13.0,2.0,1.0,0.0,5.0,2.0,5.0,3.0,1.0,1.0,7.0
192,4.0,30.0,27706.0,0.0,2.0,42.0,0.0,0.0,0.0,5.0,5.0,1.0,2.0,1.0,1.0,7.0
193,3.0,28.0,27707.0,1.0,2.0,51.0,0.0,0.0,0.0,5.0,4.0,3.0,5.0,5.0,3.0,0.0
194,0.0,27.0,27707.0,0.0,2.0,76.0,2.0,0.0,0.0,4.0,5.0,7.0,5.0,5.0,2.0,0.0
195,8.0,21.0,27707.0,1.0,1.0,35.0,0.0,1.0,0.0,3.0,3.0,9.0,2.0,1.0,5.0,4.0
196,4.0,24.0,27706.0,1.0,0.0,30.0,3.0,0.0,0.0,3.0,4.0,1.0,3.0,5.0,2.0,1.0
197,0.0,29.0,27706.0,1.0,1.0,40.0,4.0,0.0,0.0,2.0,4.0,10.0,5.0,4.0,1.0,9.0
198,8.0,27.0,27707.0,0.0,2.0,98.0,4.0,1.0,0.0,3.0,2.0,10.0,2.0,1.0,5.0,7.0
199,6.0,20.0,27705.0,0.0,4.0,6.0,0.0,1.0,0.0,4.0,4.0,3.0,2.0,5.0,4.0,3.0
200,1.0,20.0,27705.0,1.0,2.0,37.0,2.0,0.0,0.0,5.0,4.0,7.0,1.0,1.0,4.0,0.0
201,3.0,24.0,27706.0,1.0,0.0,88.0,4.0,0.0,0.0,1.0,4.0,8.0,4.0,2.0,2.0,10.0
202,9.0,25.0,27707.0,2.0,4.0,14.0,2.0,1.0,0.0,3.0,2.0,6.0,2.0,2.0,1.0,8.0
203,5.0,25.0,27706.0,2.0,1.0,27.0,4.0,0.0,0.0,2.0,3.0,5.0,1.0,2.0,3.0,9.0
204,11.0,22.0,27707.0,2.0,3.0,14.0,1.0,0.0,0.0,5.0,5.0,10.0,1.0,4.0,4.0,1.0
205,9.0,21.0,27707.0,0.0,3.0,20.0,3.0,0.0,0.0,5.0,5.0,8.0,4.0,4.0,3.0,1.0
206,2.0,30.0,27707.0,1.0,2.0,64.0,2.0,0.0,0.0,2.0,2.0,1.0,2.0,5.0,2.0,4.0
207,2.0,18.0,27706.0,2.0,1.0,51.0,4.0,0.0,0.0,4.0,2.0,6.0,2.0,1.0,1.0,1.0
208,6.0,30.0,27705.0,1.0,3.0,65.0,3.0,0.0,0.0,4.0,5.0,7.0,3.0,1.0,2.0,9.0
209,1.0,28.0,27707.0,0.0,2.0,57.0,0.0,1.0,0.0,3.0,1.0,2.0,5.0,3.0,1.0,9.0
210,8.0,20.0,27707.0,0.0,2.0,28.0,4.0,1.0,0.0,4.0,4.0,9.0,3.0,5.0,1.0,1.0
211,2.0,23.0,27705.0,0.0,0.0,84.0,3.0,0.0,0.0,5.0,5.0,8.0,4.0,5.0,4.0,0.0
212,11.0,29.0,27707.0,0.0,0.0,35.0,0.0,1.0,0.0,1.0,2.0,2.0,2.0,4.0,4.0,1.0
213,4.0,27.0,27707.0,0.0,3.0,27.0,2.0,1.0,0.0,1.0,3.0,6.0,3.0,5.0,1.0,2.0
214,4.0,26.0,27707.0,0.0,2.0,47.0,3.0,0.0,0.0,2.0,4.0,2.0,3.0,2.0,1.0,8.0
215,4.0,21.0,27706.0,2.0,3.0,63.0,1.0,1.0,0.0,1.0,5.0,5.0,2.0,3.0,2.0,6.0
216,8.0,23.0,27705.0,0.0,4.0,57.0,3.0,0.0,0.0,2.0,3.0,8.0,5.0,4.0,4.0,0.0
217,1.0,26.0,27705.0,0.0,1.0,89.0,4.0,1.0,0.0,5.0,1.0,8.0,5.0,5.0,1.0,10.0
218,6.0,27.0,27707.0,2.0,1.0,34.0,3.0,1.0,0.0,3.0,1.0,4.0,3.0,5.0,4.0,1.0
219,4.0,21.0,27705.0,0.0,2.0,46.0,1.0,1.0,0.0,4.0,1.0,10.0,2.0,5.0,1.0,4.0
220,5.0,18.0,27705.0,0.0,3.0,67.0,3.0,1.0,0.0,2.0,2.0,10.0,4.0,5.0,5.0,1.0
221,6.0,28.0,27706.0,0.0,4.0,19.0,4.0,1.0,0.0,4.0,2.0,3.0,0.0,1.0,1.0,10.0
222,11.0,22.0,27705.0,0.0,3.0,58.0,4.0,0.0,0.0,1.0,3.0,5.0,1.0,3.0,3.0,8.0
223,7.0,23.0,27706.0,1.0,4.0,52.0,0.0,0.0,0.0,5.0,4.0,4.0,3.0,1.0,2.0,8.0
224,11.0,18.0,27707.0,0.0,1.0,25.0,1.0,0.0,0.0,3.0,5.0,5.0,5.0,1.0,4.0,8.0
225,8.0,19.0,27706.0,2.0,4.0,79.0,2.0,1.0,0.0,3.0,3.0,4.0,0.0,4.0,2.0,8.0
226,5.0,23.0,27707.0,1.0,0.0,61.0,1.0,0.0,0.0,5.0,5.0,7.0,4.0,2.0,5.0,10.0
227,1.0,24.0,27707.0,0.0,2.0,54.0,0.0,0.0,0.0,1.0,5.0,0.0,5.0,5.0,1.0,3.0
228,0.0,27.0,27706.0,0.0,3.0,53.0,0.0,1.0,0.0,3.0,3.0,4.0,3.0,2.0,4.0,6.0
229,10.0,22.0,27705.0,2.0,4.0,54.0,3.0,0.0,0.0,4.0,3.0,7.0,4.0,1.0,4.0,0.0
230,2.0,20.0,27705.0,1.0,4.0,62.0,2.0,1.0,0.0,5.0,3.0,9.0,2.0,4.0,5.0,8.0
231,6.0,18.0,27706.0,1.0,1.0,24.0,1.0,0.0,0.0,4.0,4.0,1.0,0.0,1.0,1.0,0.0
232,7.0,30.0,27707.0,2.0,4.0,6.0,2.0,0.0,0.0,2.0,4.0,3.0,1.0,1.0,4.0,7.0
233,6.0,20.0,27707.0,1.0,3.0,46.0,0.0,0.0,0.0,4.0,3.0,0.0,2.0,3.0,1.0,8.0
234,5.0,22.0,27705.0,2.0,0.0,41.0,4.0,1.0,0.0,3.0,1.0,10.0,4.0,3.0,4.0,1.0
235,10.0,28.0,27706.0,2.0,1.0,77.0,2.0,0.0,0.0,3.0,1.0,1.0,0.0,4.0,1.0,8.0
236,8.0,18.0,27705.0,0.0,0.0,12.0,0.0,0.0,0.0,4.0,4.0,5.0,0.0,2.0,2.0,10.0
237,1.0,23.0,27707.0,2.0,3.0,97.0,0.0,0.0,0.0,1.0,5.0,8.0,1.0,2.0,2.0,3.0
238,9.0,30.0,27707.0,2.0,2.0,44.0,0.0,1.0,0.0,5.0,4.0,2.0,3.0,4.0,1.0,10.0
239,3.0,23.0,27705.0,2.0,1.0,34.0,0.0,0.0,0.0,5.0,1.0,4.0,5.0,4.0,4.0,1.0
240,9.0,25.0,27706.0,2.0,4.0,27.0,3.0,0.0,0.0,4.0,3.0,7.0,4.0,2.0,4.0,9.0
241,5.0,28.0,27707.0,0.0,2.0,44.0,4.0,1.0,0.0,4.0,2.0,3.0,3.0,5.0,2.0,6.0
242,3.0,30.0,27705.0,1.0,4.0,67.0,3.0,1.0,0.0,3.0,1.0,4.0,1.0,1.0,3.0,6.0
243,2.0,22.0,27707.0,1.0,2.0,29.0,3.0,1.0,0.0,1.0,3.0,8.0,2.0,5.0,4.0,8.0
244,9.0,23.0,27706.0,1.0,3.0,74.0,2.0,0.0,0.0,1.0,1.0,8.0,1.0,3.0,5.0,0.0
245,3.0,23.0,27705.0,1.0,3.0,17.0,2.0,1.0,0.0,4.0,1.0,9.0,2.0,5.0,4.0,3.0
246,2.0,29.0,27706.0,0.0,3.0,32.0,2.0,0.0,0.0,1.0,4.0,4.0,0.0,5.0,3.0,6.0
247,10.0,21.0,27707.0,2.0,2.0,68.0,4.0,0.0,0.0,1.0,4.0,5.0,5.0,2.0,4.0,2.0
248,0.0,27.0,27705.0,2.0,4.0,17.0,3.0,1.0,0.0,2.0,5.0,7.0,3.0,2.0,5.0,9.0
249,0.0,20.0,27705.0,2.0,1.0,86.0,2.0,1.0,0.0,3.0,3.0,9.0,5.0,5.0,1.0,8.0
250,5.0,25.0,27707.0,0.0,2.0,51.0,1.0,1.0,0.0,5.0,4.0,5.0,1.0,5.0,5.0,9.0
251,0.0,21.0,27707.0,0.0,0.0,85.0,0.0,1.0,0.0,3.0,5.0,7.0,5.0,5.0,5.0,2.0
252,9.0,22.0,27707.0,2.0,4.0,20.0,4.0,0.0,0.0,2.0,4.0,3.0,2.0,5.0,5.0,2.0
253,7.0,28.0,27707.0,0.0,4.0,33.0,2.0,1.0,0.0,3.0,2.0,5.0,0.0,2.0,1.0,9.0
254,8.0,28.0,27706.0,0.0,3.0,16.0,4.0,0.0,0.0,1.0,3.0,0.0,3.0,3.0,2.0,7.0
255,2.0,21.0,27707.0,0.0,4.0,4.0,3.0,0.0,0.0,1.0,3.0,9.0,5.0,5.0,3.0,1.0
256,0.0,26.0,27705.0,2.0,4.0,75.0,2.0,1.0,0.0,2.0,2.0,7.0,1.0,4.0,2.0,6.0
257,4.0,21.0,27705.0,1.0,1.0,69.0,3.0,0.0,0.0,2.0,4.0,10.0,3.0,5.0,5.0,0.0
258,5.0,20.0,27706.0,1.0,4.0,79.0,3.0,0.0,0.0,3.0,3.0,7.0,0.0,1.0,3.0,0.0
259,9.0,18.0,27707.0,2.0,1.0,24.0,1.0,1.0,0.0,2.0,5.0,9.0,5.0,1.0,5.0,2.0
260,8.0,20.0,27707.0,2.0,3.0,13.0,4.0,1.0,0.0,1.0,1.0,6.0,1.0,4.0,3.0,10.0
261,7.0,24.0,27706.0,0.0,0.0,99.0,3.0,1.0,0.0,5.0,3.0,0.0,1.0,1.0,3.0,6.0
262,9.0,18.0,27706.0,0.0,2.0,81.0,0.0,1.0,0.0,1.0,5.0,9.0,4.0,4.0,2.0,9.0
263,6.0,29.0,27707.0,1.0,4.0,75.0,3.0,0.0,0.0,1.0,5.0,7.0,5.0,3.0,5.0,10.0
264,8.0,27.0,27705.0,1.0,4.0,19.0,1.0,0.0,0.0,2.0,3.0,8.0,5.0,2.0,3.0,2.0
265,1.0,22.0,27706.0,2.0,4.0,20.0,1.0,0.0,0.0,3.0,5.0,1.0,3.0,2.0,5.0,7.0
266,7.0,23.0,27705.0,2.0,3.0,30.0,2.0,0.0,0.0,5.0,4.0,4.0,0.0,3.0,4.0,0.0
267,10.0,26.0,27705.0,0.0,4.0,19.0,1.0,0.0,0.0,4.0,4.0,2.0,3.0,4.0,3.0,2.0
268,8.0,27.0,27705.0,0.0,3.0,30.0,4.0,1.0,0.0,5.0,1.0,3.0,2.0,4.0,5.0,9.0
269,5.0,23.0,27707.0,2.0,0.0,53.0,0.0,0.0,0.0,3.0,1.0,0.0,1.0,2.0,1.0,8.0
270,9.0,30.0,27706.0,0.0,3.0,33.0,1.0,1.0,0.0,5.0,4.0,3.0,2.0,4.0,3.0,10.0
271,4.0,18.0,27707.0,0.0,3.0,27.0,0.0,0.0,0.0,4.0,2.0,9.0,3.0,1.0,3.0,2.0
272,5.0,27.0,27706.0,1.0,1.0,15.0,4.0,0.0,0.0,5.0,3.0,5.0,2.0,5.0,4.0,10.0
273,8.0,30.0,27706.0,1.0,1.0,81.0,3.0,0.0,0.0,1.0,5.0,2.0,1.0,1.0,3.0,9.0
274,2.0,22.0,27707.0,1.0,2.0,0.0,2.0,0.0,0.0,2.0,3.0,8.0,5.0,3.0,5.0,1.0
275,6.0,30.0,27706.0,1.0,3.0,70.0,3.0,0.0,0.0,1.0,2.0,10.0,1.0,2.0,3.0,2.0
276,1.0,29.0,27706.0,1.0,3.0,35.0,2.0,1.0,0.0,2.0,1.0,0.0,0.0,1.0,2.0,7.0
277,9.0,27.0,27707.0,0.0,1.0,96.0,1.0,1.0,0.0,1.0,4.0,6.0,5.0,1.0,1.0,7.0
278,3.0,25.0,27706.0,0.0,2.0,45.0,1.0,1.0,0.0,1.0,4.0,0.0,4.0,2.0,3.0,8.0
279,1.0,30.0,27705.0,0.0,4.0,35.0,0.0,0.0,0.0,3.0,3.0,10.0,3.0,4.0,4.0,10.0
280,0.0,23.0,27705.0,1.0,2.0,26.0,3.0,0.0,0.0,1.0,1.0,5.0,3.0,4.0,4.0,7.0
281,6.0,29.0,27707.0,2.0,2.0,56.0,4.0,1.0,0.0,4.0,2.0,3.0,3.0,4.0,2.0,3.0
282,7.0,19.0,27705.0,2.0,1.0,38.0,3.0,0.0,0.0,5.0,3.0,9.0,2.0,2.0,5.0,5.0
283,4.0,27.0,27706.0,2.0,2.0,85.0,1.0,0.0,0.0,2.0,4.0,10.0,1.0,4.0,4.0,10.0
284,7.0,22.0,27705.0,0.0,3.0,19.0,4.0,0.0,0.0,4.0,1.0,10.0,1.0,2.0,1.0,6.0
285,5.0,26.0,27706.0,2.0,1.0,99.0,4.0,0.0,0.0,3.0,2.0,0.0,0.0,3.0,5.0,10.0
286,11.0,24.0,27706.0,0.0,2.0,2.0,3.0,0.0,0.0,3.0,3.0,0.0,5.0,1.0,1.0,3.0
287,10.0,30.0,27705.0,2.0,4.0,64.0,4.0,1.0,0.0,2.0,5.0,7.0,4.0,2.0,5.0,4.0
288,6.0,30.0,27706.0,1.0,1.0,15.0,4.0,0.0,0.0,1.0,1.0,0.0,5.0,2.0,1.0,10.0
289,7.0,27.0,27706.0,1.0,4.0,94.0,1.0,0.0,0.0,4.0,3.0,4.0,1.0,3.0,1.0,6.0
290,0.0,27.0,27707.0,0.0,0.0,12.0,1.0,0.0,0.0,5.0,1.0,7.0,4.0,5.0,5.0,6.0
291,8.0,28.0,27707.0,1.0,1.0,37.0,0.0,1.0,0.0,4.0,2.0,0.0,4.0,5.0,2.0,6.0
292,10.0,23.0,27706.0,1.0,0.0,81.0,0.0,1.0,0.0,4.0,1.0,0.0,1.0,5.0,2.0,7.0
293,3.0,30.0,27705.0,1.0,2.0,4.0,3.0,1.0,0.0,1.0,3.0,0.0,5.0,5.0,5.0,3.0
294,1.0,30.0,27707.0,1.0,4.0,66.0,3.0,0.0,0.0,3.0,5.0,7.0,4.0,1.0,1.0,0.0
295,10.0,30.0,27706.0,2.0,4.0,93.0,4.0,1.0,0.0,4.0,4.0,10.0,1.0,2.0,3.0,7.0
296,10.0,27.0,27706.0,2.0,4.0,15.0,4.0,1.0,0.0,1.0,2.0,7.0,5.0,4.0,3.0,4.0
297,5.0,29.0,27707.0,1.0,3.0,16.0,3.0,0.0,0.0,2.0,5.0,9.0,2.0,4.0,1.0,8.0
298,10.0,18.0,27706.0,1.0,0.0,66.0,0.0,0.0,0.0,5.0,3.0,0.0,4.0,4.0,2.0,3.0
299,6.0,25.0,27705.0,2.0,3.0,0.0,2.0,0.0,0.0,2.0,4.0,4.0,1.0,5.0,1.0,9.0
300,9.0,29.0,27707.0,1.0,0.0,80.0,1.0,0.0,0.0,4.0,1.0,9.0,4.0,5.0,4.0,5.0
301,10.0,27.0,27707.0,0.0,0.0,45.0,1.0,0.0,0.0,2.0,2.0,4.0,3.0,4.0,3.0,1.0
302,6.0,20.0,27707.0,2.0,3.0,77.0,0.0,1.0,0.0,4.0,2.0,10.0,0.0,5.0,5.0,3.0
303,6.0,28.0,27705.0,1.0,2.0,78.0,1.0,1.0,0.0,1.0,5.0,5.0,5.0,5.0,5.0,10.0
304,5.0,19.0,27706.0,1.0,1.0,59.0,1.0,1.0,0.0,4.0,3.0,4.0,1.0,3.0,4.0,6.0
305,3.0,29.0,27707.0,1.0,2.0,78.0,0.0,0.0,0.0,4.0,2.0,10.0,3.0,2.0,3.0,4.0
306,9.0,19.0,27705.0,1.0,3.0,91.0,4.0,0.0,0.0,3.0,2.0,9.0,5.0,4.0,1.0,8.0
307,2.0,25.0,27705.0,1.0,2.0,29.0,0.0,0.0,0.0,1.0,3.0,7.0,1.0,2.0,3.0,1.0
308,4.0,25.0,27705.0,2.0,0.0,54.0,1.0,0.0,0.0,2.0,5.0,0.0,2.0,5.0,4.0,1.0
309,3.0,19.0,27706.0,2.0,2.0,72.0,3.0,1.0,0.0,4.0,2.0,3.0,5.0,1.0,4.0,1.0
310,3.0,20.0,27705.0,1.0,0.0,48.0,2.0,0.0,0.0,1.0,3.0,7.0,5.0,5.0,2.0,5.0
311,0.0,20.0,27707.0,1.0,3.0,62.0,2.0,1.0,0.0,3.0,2.0,0.0,2.0,4.0,4.0,8.0
312,10.0,30.0,27705.0,1.0,1.0,99.0,0.0,1.0,0.0,3.0,4.0,6.0,0.0,2.0,1.0,8.0
313,3.0,26.0,27707.0,1.0,4.0,40.0,0.0,1.0,0.0,2.0,3.0,1.0,4.0,4.0,2.0,1.0
314,11.0,26.0,27706.0,1.0,3.0,34.0,2.0,0.0,0.0,1.0,2.0,1.0,2.0,2.0,3.0,5.0
315,6.0,25.0,27706.0,2.0,3.0,61.0,0.0,1.0,0.0,3.0,1.0,2.0,1.0,3.0,5.0,1.0
316,2.0,26.0,27706.0,2.0,1.0,76.0,2.0,0.0,0.0,1.0,4.0,10.0,3.0,2.0,5.0,1.0
317,4.0,19.0,27707.0,0.0,2.0,50.0,1.0,0.0,0.0,3.0,1.0,6.0,0.0,3.0,5.0,3.0
318,5.0,27.0,27706.0,2.0,3.0,4.0,1.0,0.0,0.0,1.0,1.0,0.0,0.0,1.0,3.0,4.0
319,10.0,25.0,27705.0,0.0,3.0,81.0,3.0,1.0,0.0,1.0,2.0,5.0,3.0,3.0,4.0,6.0
320,7.0,30.0,27705.0,2.0,0.0,40.0,0.0,1.0,0.0,5.0,5.0,6.0,1.0,3.0,2.0,9.0
321,9.0,30.0,27707.0,1.0,3.0,95.0,2.0,0.0,0.0,3.0,1.0,7.0,2.0,4.0,4.0,4.0
322,0.0,28.0,27705.0,1.0,1.0,4.0,1.0,0.0,0.0,2.0,3.0,10.0,3.0,3.0,4.0,7.0
323,10.0,29.0,27706.0,2.0,3.0,56.0,4.0,0.0,0.0,3.0,4.0,3.0,2.0,4.0,1.0,10.0
324,4.0,22.0,27707.0,1.0,4.0,24.0,2.0,0.0,0.0,3.0,2.0,8.0,2.0,1.0,5.0,0.0
325,6.0,28.0,27706.0,1.0,1.0,85.0,2.0,0.0,0.0,1.0,5.0,7.0,5.0,2.0,3.0,5.0
326,6.0,18.0,27707.0,2.0,2.0,98.0,2.0,1.0,0.0,2.0,2.0,8.0,3.0,5.0,5.0,10.0
327,0.0,27.0,27706.0,0.0,0.0,5.0,0.0,1.0,0.0,5.0,5.0,3.0,3.0,5.0,5.0,9.0
328,9.0,20.0,27705.0,2.0,4.0,35.0,1.0,0.0,0.0,3.0,2.0,2.0,4.0,2.0,4.0,10.0
329,8.0,19.0,27705.0,0.0,0.0,78.0,3.0,0.0,0.0,4.0,5.0,2.0,5.0,2.0,1.0,8.0
330,4.0,26.0,27707.0,0.0,2.0,77.0,1.0,0.0,0.0,2.0,2.0,2.0,0.0,3.0,2.0,6.0
331,3.0,28.0,27705.0,2.0,0.0,71.0,3.0,0.0,0.0,4.0,4.0,2.0,5.0,5.0,2.0,4.0
332,5.0,30.0,27705.0,0.0,2.0,13.0,0.0,1.0,0.0,2.0,5.0,10.0,1.0,3.0,5.0,9.0
333,7.0,25.0,27707.0,0.0,4.0,35.0,1.0,1.0,0.0,5.0,1.0,9.0,5.0,3.0,5.0,9.0
334,0.0,21.0,27706.0,2.0,3.0,90.0,0.0,1.0,0.0,2.0,5.0,4.0,2.0,2.0,5.0,7.0
335,3.0,29.0,27705.0,1.0,1.0,58.0,1.0,1.0,0.0,5.0,4.0,5.0,3.0,1.0,1.0,4.0
336,5.0,23.0,27707.0,2.0,4.0,56.0,4.0,1.0,0.0,1.0,4.0,2.0,2.0,1.0,5.0,4.0
337,5.0,26.0,27705.0,2.0,2.0,86.0,1.0,1.0,0.0,5.0,4.0,8.0,1.0,3.0,5.0,4.0
338,9.0,23.0,27706.0,2.0,4.0,59.0,1.0,0.0,0.0,3.0,2.0,8.0,1.0,2.0,4.0,9.0
339,3.0,19.0,27705.0,1.0,1.0,41.0,3.0,0.0,0.0,2.0,4.0,9.0,1.0,2.0,5.0,3.0
340,9.0,24.0,27705.0,0.0,2.0,14.0,2.0,0.0,0.0,5.0,4.0,4.0,5.0,5.0,2.0,1.0
341,5.0,26.0,27707.0,0.0,0.0,88.0,1.0,1.0,0.0,2.0,2.0,3.0,3.0,1.0,4.0,2.0
342,10.0,23.0,27707.0,2.0,3.0,22.0,0.0,0.0,0.0,2.0,2.0,4.0,3.0,3.0,1.0,3.0
343,4.0,28.0,27705.0,0.0,1.0,7.0,0.0,0.0,0.0,4.0,2.0,3.0,3.0,5.0,5.0,1.0
344,0.0,18.0,27705.0,0.0,3.0,17.0,4.0,0.0,0.0,3.0,5.0,1.0,5.0,1.0,5.0,3.0
345,7.0,19.0,27706.0,2.0,3.0,55.0,1.0,0.0,0.0,2.0,4.0,6.0,1.0,4.0,2.0,7.0
346,11.0,23.0,27705.0,2.0,2.0,73.0,1.0,0.0,0.0,1.0,3.0,7.0,2.0,1.0,2.0,5.0
347,0.0,20.0,27707.0,0.0,3.0,87.0,1.0,1.0,0.0,5.0,4.0,6.0,0.0,3.0,2.0,2.0
348,11.0,24.0,27705.0,0.0,1.0,59.0,0.0,0.0,0.0,4.0,2.0,1.0,1.0,1.0,3.0,3.0
349,1.0,29.0,27705.0,0.0,2.0,26.0,4.0,1.0,0.0,4.0,2.0,5.0,1.0,2.0,2.0,6.0
350,1.0,28.0,27707.0,2.0,0.0,90.0,0.0,1.0,0.0,4.0,2.0,3.0,4.0,4.0,1.0,8.0
351,11.0,19.0,27707.0,1.0,1.0,91.0,0.0,1.0,0.0,1.0,2.0,7.0,2.0,4.0,1.0,5.0
352,8.0,23.0,27707.0,2.0,4.0,44.0,0.0,0.0,0.0,4.0,3.0,10.0,1.0,2.0,1.0,4.0
353,10.0,19.0,27707.0,0.0,0.0,20.0,3.0,1.0,0.0,4.0,1.0,9.0,4.0,3.0,2.0,6.0
354,5.0,29.0,27707.0,0.0,4.0,29.0,2.0,0.0,0.0,4.0,2.0,1.0,1.0,2.0,1.0,1.0
355,9.0,26.0,27706.0,2.0,1.0,90.0,0.0,0.0,0.0,5.0,2.0,10.0,5.0,1.0,5.0,9.0
356,6.0,27.0,27706.0,1.0,2.0,72.0,1.0,1.0,0.0,2.0,4.0,10.0,3.0,2.0,1.0,1.0
357,11.0,28.0,27706.0,0.0,2.0,26.0,4.0,0.0,0.0,2.0,3.0,8.0,2.0,2.0,4.0,2.0
358,1.0,24.0,27706.0,1.0,0.0,99.0,0.0,0.0,0.0,5.0,1.0,9.0,4.0,3.0,4.0,2.0
359,10.0,20.0,27705.0,1.0,4.0,97.0,4.0,0.0,0.0,5.0,5.0,0.0,4.0,4.0,2.0,7.0
360,7.0,28.0,27707.0,1.0,3.0,36.0,0.0,1.0,0.0,5.0,4.0,4.0,5.0,2.0,2.0,2.0
361,6.0,22.0,27706.0,1.0,2.0,11.0,2.0,0.0,0.0,1.0,4.0,7.0,0.0,2.0,1.0,5.0
362,2.0,30.0,27706.0,0.0,0.0,41.0,1.0,0.0,0.0,5.0,3.0,9.0,0.0,2.0,5.0,9.0
363,9.0,19.0,27707.0,0.0,0.0,79.0,2.0,0.0,0.0,1.0,3.0,10.0,2.0,1.0,1.0,10.0
364,6.0,19.0,27707.0,2.0,1.0,10.0,1.0,0.0,0.0,4.0,1.0,0.0,1.0,3.0,5.0,9.0
365,3.0,23.0,27705.0,0.0,3.0,85.0,3.0,0.0,0.0,3.0,3.0,3.0,2.0,2.0,1.0,6.0
366,8.0,29.0,27705.0,1.0,3.0,50.0,2.0,1.0,0.0,5.0,2.0,8.0,2.0,5.0,4.0,0.0
367,5.0,26.0,27706.0,0.0,1.0,23.0,1.0,0.0,0.0,4.0,3.0,2.0,3.0,5.0,1.0,4.0
368,11.0,23.0,27706.0,1.0,3.0,6.0,3.0,0.0,0.0,3.0,3.0,2.0,4.0,1.0,1.0,0.0
369,0.0,23.0,27706.0,1.0,1.0,43.0,3.0,1.0,0.0,3.0,5.0,3.0,1.0,1.0,3.0,4.0
370,5.0,22.0,27706.0,2.0,0.0,65.0,4.0,0.0,0.0,1.0,4.0,8.0,2.0,5.0,1.0,1.0
371,1.0,20.0,27706.0,0.0,4.0,31.0,3.0,0.0,0.0,2.0,3.0,7.0,0.0,1.0,2.0,1.0
372,0.0,20.0,27706.0,1.0,2.0,22.0,4.0,0.0,0.0,4.0,1.0,0.0,5.0,4.0,5.0,6.0
373,4.0,22.0,27706.0,2.0,4.0,97.0,2.0,1.0,0.0,3.0,3.0,10.0,4.0,5.0,3.0,0.0
374,9.0,27.0,27706.0,2.0,0.0,45.0,4.0,1.0,0.0,2.0,5.0,8.0,4.0,4.0,2.0,4.0
375,4.0,23.0,27707.0,2.0,3.0,60.0,0.0,0.0,0.0,1.0,5.0,6.0,3.0,2.0,3.0,5.0
376,8.0,23.0,27707.0,1.0,2.0,86.0,3.0,0.0,0.0,3.0,1.0,1.0,3.0,2.0,2.0,1.0
377,9.0,21.0,27707.0,2.0,3.0,16.0,1.0,0.0,0.0,2.0,2.0,0.0,3.0,1.0,3.0,5.0
378,3.0,19.0,27705.0,1.0,3.0,98.0,4.0,0.0,0.0,2.0,1.0,2.0,1.0,4.0,3.0,0.0
379,1.0,20.0,27705.0,0.0,0.0,23.0,4.0,1.0,0.0,2.0,4.0,5.0,5.0,3.0,2.0,5.0
380,10.0,18.0,27707.0,0.0,4.0,83.0,0.0,1.0,0.0,3.0,2.0,7.0,5.0,4.0,2.0,7.0
381,2.0,29.0,27705.0,0.0,3.0,66.0,3.0,1.0,0.0,4.0,1.0,10.0,1.0,4.0,1.0,1.0
382,4.0,26.0,27705.0,0.0,1.0,75.0,4.0,1.0,0.0,1.0,1.0,4.0,1.0,4.0,3.0,1.0
383,4.0,23.0,27705.0,1.0,4.0,13.0,0.0,0.0,0.0,4.0,2.0,7.0,5.0,1.0,1.0,6.0
384,2.0,23.0,27707.0,1.0,3.0,81.0,2.0,0.0,0.0,2.0,4.0,4.0,0.0,5.0,5.0,4.0
385,0.0,30.0,27705.0,0.0,3.0,0.0,0.0,0.0,0.0,4.0,4.0,0.0,1.0,1.0,5.0,1.0
386,11.0,25.0,27706.0,0.0,1.0,82.0,0.0,1.0,0.0,5.0,4.0,8.0,5.0,2.0,5.0,1.0
387,6.0,20.0,27706.0,0.0,4.0,90.0,3.0,1.0,0.0,5.0,4.0,5.0,1.0,2.0,3.0,0.0
388,7.0,22.0,27706.0,2.0,2.0,67.0,3.0,0.0,0.0,1.0,5.0,0.0,5.0,5.0,4.0,4.0
389,9.0,24.0,27707.0,1.0,2.0,8.0,4.0,1.0,0.0,5.0,4.0,3.0,2.0,4.0,1.0,6.0
390,8.0,25.0,27705.0,1.0,3.0,74.0,1.0,0.0,0.0,5.0,1.0,8.0,5.0,2.0,4.0,1.0
391,4.0,29.0,27706.0,2.0,2.0,85.0,1.0,1.0,0.0,4.0,2.0,9.0,2.0,2.0,5.0,3.0
392,2.0,30.0,27707.0,0.0,0.0,34.0,4.0,1.0,0.0,3.0,4.0,6.0,5.0,1.0,1.0,0.0
393,7.0,21.0,27706.0,2.0,0.0,48.0,3.0,0.0,0.0,5.0,3.0,3.0,3.0,4.0,2.0,7.0
394,5.0,30.0,27707.0,2.0,4.0,72.0,4.0,0.0,0.0,1.0,3.0,10.0,3.0,5.0,4.0,0.0
395,2.0,30.0,27707.0,0.0,3.0,75.0,0.0,1.0,0.0,2.0,3.0,0.0,4.0,5.0,3.0,1.0
396,11.0,20.0,27706.0,0.0,0.0,11.0,1.0,1.0,0.0,4.0,3.0,5.0,0.0,5.0,4.0,6.0
397,4.0,28.0,27706.0,0.0,2.0,12.0,0.0,1.0,0.0,3.0,2.0,6.0,4.0,2.0,1.0,4.0
398,6.0,26.0,27706.0,2.0,3.0,73.0,0.0,1.0,0.0,2.0,3.0,0.0,5.0,3.0,5.0,9.0
399,9.0,25.0,27707.0,2.0,4.0,81.0,1.0,0.0,0.0,5.0,1.0,8.0,4.0,1.0,2.0,2.0
400,10.0,20.0,27706.0,0.0,3.0,0.0,2.0,1.0,0.0,2.0,5.0,9.0,0.0,1.0,3.0,6.0
401,4.0,26.0,27707.0,2.0,4.0,67.0,0.0,0.0,0.0,2.0,3.0,4.0,2.0,2.0,3.0,8.0
402,5.0,21.0,27705.0,2.0,4.0,51.0,3.0,0.0,0.0,4.0,1.0,9.0,0.0,5.0,2.0,6.0
403,4.0,25.0,27705.0,2.0,2.0,32.0,4.0,1.0,0.0,2.0,5.0,8.0,5.0,3.0,2.0,1.0
404,10.0,24.0,27706.0,2.0,4.0,12.0,3.0,0.0,0.0,1.0,1.0,4.0,2.0,3.0,5.0,10.0
405,8.0,28.0,27706.0,0.0,4.0,40.0,0.0,0.0,0.0,1.0,2.0,6.0,2.0,5.0,5.0,5.0
406,7.0,19.0,27706.0,0.0,1.0,21.0,3.0,1.0,0.0,3.0,5.0,4.0,3.0,2.0,4.0,10.0
407,8.0,22.0,27706.0,0.0,2.0,29.0,3.0,1.0,0.0,1.0,2.0,8.0,5.0,1.0,4.0,9.0
408,2.0,22.0,27707.0,2.0,2.0,7.0,4.0,0.0,0.0,3.0,2.0,9.0,4.0,2.0,5.0,10.0
409,7.0,23.0,27707.0,1.0,0.0,8.0,3.0,0.0,0.0,1.0,3.0,4.0,1.0,2.0,1.0,5.0
410,9.0,18.0,27707.0,0.0,2.0,41.0,0.0,0.0,0.0,3.0,4.0,7.0,5.0,1.0,1.0,6.0
411,4.0,25.0,27705.0,2.0,4.0,88.0,1.0,0.0,0.0,5.0,2.0,10.0,3.0,2.0,1.0,0.0
412,11.0,26.0,27707.0,0.0,0.0,86.0,3.0,0.0,0.0,2.0,5.0,7.0,4.0,5.0,1.0,8.0
413,11.0,30.0,27707.0,2.0,4.0,75.0,0.0,1.0,0.0,4.0,1.0,5.0,3.0,5.0,3.0,3.0
414,3.0,27.0,27707.0,1.0,4.0,96.0,4.0,1.0,0.0,5.0,3.0,2.0,5.0,2.0,3.0,8.0
415,0.0,21.0,27706.0,1.0,2.0,28.0,0.0,1.0,0.0,1.0,3.0,2.0,4.0,5.0,5.0,10.0
416,10.0,27.0,27705.0,1.0,4.0,64.0,1.0,1.0,0.0,5.0,2.0,6.0,3.0,5.0,5.0,5.0
417,9.0,24.0,27707.0,1.0,1.0,94.0,1.0,1.0,0.0,5.0,2.0,10.0,0.0,4.0,3.0,5.0
418,10.0,27.0,27706.0,1.0,2.0,80.0,0.0,0.0,0.0,3.0,2.0,0.0,3.0,1.0,2.0,3.0
419,5.0,25.0,27707.0,2.0,3.0,99.0,4.0,0.0,0.0,1.0,2.0,6.0,5.0,5.0,1.0,10.0
420,5.0,18.0,27707.0,1.0,0.0,96.0,0.0,0.0,0.0,2.0,3.0,6.0,1.0,1.0,5.0,7.0
421,6.0,24.0,27707.0,2.0,4.0,30.0,2.0,1.0,0.0,3.0,1.0,1.0,0.0,1.0,3.0,0.0
422,2.0,26.0,27707.0,2.0,0.0,75.0,0.0,1.0,0.0,2.0,3.0,8.0,3.0,2.0,4.0,5.0
423,11.0,20.0,27707.0,0.0,1.0,49.0,1.0,0.0,0.0,2.0,3.0,1.0,0.0,4.0,5.0,3.0
424,6.0,26.0,27705.0,0.0,3.0,79.0,4.0,1.0,0.0,5.0,1.0,5.0,5.0,1.0,5.0,10.0
425,7.0,18.0,27706.0,2.0,4.0,61.0,3.0,1.0,0.0,4.0,2.0,9.0,3.0,1.0,4.0,1.0
426,0.0,20.0,27705.0,0.0,3.0,50.0,4.0,1.0,0.0,1.0,5.0,2.0,5.0,2.0,5.0,1.0
427,4.0,29.0,27707.0,1.0,0.0,5.0,2.0,1.0,0.0,3.0,4.0,2.0,3.0,1.0,3.0,1.0
428,11.0,29.0,27707.0,0.0,1.0,20.0,4.0,1.0,0.0,5.0,3.0,0.0,3.0,1.0,1.0,8.0
429,1.0,25.0,27707.0,0.0,1.0,6.0,2.0,1.0,0.0,5.0,3.0,8.0,4.0,3.0,5.0,10.0
430,5.0,28.0,27707.0,0.0,2.0,67.0,0.0,1.0,0.0,5.0,1.0,9.0,4.0,5.0,5.0,3.0
431,8.0,20.0,27705.0,2.0,4.0,67.0,2.0,0.0,0.0,4.0,2.0,2.0,2.0,3.0,2.0,9.0
432,0.0,28.0,27706.0,1.0,2.0,69.0,4.0,1.0,0.0,3.0,5.0,10.0,2.0,1.0,5.0,6.0
433,8.0,29.0,27705.0,2.0,2.0,24.0,3.0,1.0,0.0,3.0,4.0,9.0,3.0,4.0,4.0,10.0
434,5.0,30.0,27705.0,2.0,2.0,43.0,0.0,0.0,0.0,1.0,1.0,2.0,2.0,3.0,1.0,7.0
435,5.0,29.0,27705.0,1.0,4.0,31.0,4.0,0.0,0.0,4.0,5.0,3.0,5.0,5.0,4.0,1.0
436,7.0,22.0,27706.0,2.0,2.0,12.0,3.0,1.0,0.0,2.0,3.0,2.0,0.0,5.0,4.0,6.0
437,1.0,26.0,27706.0,1.0,4.0,33.0,1.0,1.0,0.0,1.0,3.0,3.0,5.0,4.0,5.0,0.0
438,5.0,26.0,27707.0,0.0,4.0,81.0,3.0,1.0,0.0,3.0,5.0,1.0,0.0,4.0,2.0,2.0
439,5.0,20.0,27705.0,2.0,4.0,83.0,1.0,0.0,0.0,2.0,3.0,7.0,5.0,3.0,2.0,9.0
440,1.0,30.0,27705.0,1.0,4.0,72.0,3.0,1.0,0.0,4.0,3.0,7.0,1.0,3.0,4.0,0.0
441,4.0,22.0,27707.0,1.0,3.0,14.0,4.0,0.0,0.0,5.0,5.0,3.0,5.0,3.0,5.0,6.0
442,9.0,22.0,27705.0,2.0,3.0,12.0,3.0,0.0,0.0,3.0,4.0,4.0,0.0,4.0,2.0,5.0
443,2.0,26.0,27705.0,1.0,0.0,59.0,0.0,1.0,0.0,5.0,1.0,4.0,0.0,5.0,4.0,5.0
444,10.0,23.0,27707.0,1.0,4.0,80.0,4.0,1.0,0.0,1.0,4.0,1.0,5.0,4.0,4.0,8.0
445,6.0,19.0,27705.0,2.0,2.0,18.0,4.0,1.0,0.0,4.0,2.0,3.0,0.0,4.0,1.0,8.0
446,10.0,20.0,27707.0,1.0,1.0,92.0,2.0,0.0,0.0,3.0,4.0,1.0,0.0,5.0,2.0,3.0
447,2.0,18.0,27705.0,2.0,2.0,43.0,2.0,0.0,0.0,1.0,2.0,3.0,3.0,4.0,3.0,10.0
448,9.0,19.0,27707.0,2.0,0.0,39.0,0.0,1.0,0.0,1.0,1.0,2.0,1.0,1.0,5.0,0.0
449,10.0,28.0,27705.0,2.0,3.0,8.0,2.0,0.0,0.0,3.0,4.0,8.0,4.0,3.0,5.0,7.0
450,1.0,27.0,27706.0,2.0,4.0,60.0,0.0,1.0,0.0,2.0,1.0,8.0,0.0,3.0,3.0,6.0
451,6.0,28.0,27705.0,0.0,4.0,6.0,4.0,0.0,0.0,3.0,2.0,0.0,2.0,5.0,2.0,10.0
452,11.0,28.0,27707.0,2.0,3.0,19.0,0.0,1.0,0.0,3.0,3.0,0.0,3.0,5.0,2.0,5.0
453,10.0,27.0,27705.0,1.0,3.0,20.0,2.0,1.0,0.0,1.0,2.0,9.0,3.0,1.0,4.0,3.0
454,10.0,25.0,27706.0,2.0,3.0,9.0,3.0,0.0,0.0,2.0,2.0,5.0,2.0,5.0,1.0,3.0
455,4.0,27.0,27707.0,2.0,2.0,26.0,2.0,1.0,0.0,1.0,5.0,2.0,2.0,1.0,3.0,8.0
456,1.0,21.0,27705.0,1.0,2.0,30.0,2.0,0.0,0.0,3.0,5.0,5.0,3.0,5.0,5.0,0.0
457,9.0,19.0,27706.0,2.0,4.0,12.0,3.0,1.0,0.0,3.0,3.0,4.0,2.0,1.0,5.0,3.0
458,8.0,27.0,27707.0,1.0,0.0,31.0,1.0,1.0,0.0,1.0,4.0,2.0,3.0,2.0,3.0,4.0
459,8.0,27.0,27707.0,0.0,4.0,78.0,2.0,0.0,0.0,3.0,5.0,4.0,4.0,5.0,2.0,9.0
460,10.0,30.0,27706.0,1.0,4.0,3.0,2.0,0.0,0.0,5.0,5.0,1.0,4.0,2.0,1.0,4.0
461,3.0,20.0,27707.0,0.0,3.0,14.0,2.0,1.0,0.0,1.0,4.0,2.0,1.0,4.0,4.0,7.0
462,4.0,20.0,27706.0,2.0,4.0,59.0,4.0,1.0,0.0,1.0,1.0,3.0,4.0,4.0,4.0,9.0
463,7.0,18.0,27707.0,1.0,1.0,0.0,2.0,1.0,0.0,3.0,4.0,9.0,4.0,5.0,5.0,3.0
464,1.0,19.0,27706.0,2.0,0.0,14.0,2.0,1.0,0.0,3.0,4.0,5.0,2.0,2.0,1.0,1.0
465,11.0,29.0,27705.0,0.0,1.0,15.0,1.0,1.0,0.0,1.0,2.0,3.0,3.0,4.0,5.0,9.0
466,2.0,29.0,27706.0,0.0,1.0,60.0,3.0,1.0,0.0,5.0,4.0,4.0,0.0,5.0,5.0,1.0
467,10.0,29.0,27706.0,2.0,2.0,6.0,3.0,1.0,0.0,3.0,3.0,3.0,4.0,4.0,4.0,8.0
468,9.0,23.0,27705.0,2.0,2.0,70.0,4.0,1.0,0.0,1.0,2.0,3.0,4.0,3.0,1.0,8.0
469,8.0,25.0,27707.0,0.0,3.0,51.0,0.0,1.0,0.0,1.0,3.0,0.0,3.0,3.0,2.0,2.0
470,10.0,26.0,27706.0,1.0,3.0,4.0,3.0,0.0,0.0,2.0,4.0,4.0,2.0,4.0,4.0,1.0
471,4.0,22.0,27707.0,1.0,3.0,70.0,2.0,0.0,0.0,2.0,5.0,4.0,0.0,3.0,4.0,9.0
472,1.0,21.0,27706.0,1.0,2.0,39.0,0.0,0.0,0.0,4.0,4.0,9.0,0.0,2.0,2.0,6.0
473,0.0,18.0,27705.0,1.0,1.0,63.0,3.0,0.0,0.0,3.0,2.0,3.0,1.0,1.0,3.0,8.0
474,9.0,27.0,27707.0,1.0,3.0,13.0,4.0,1.0,0.0,5.0,3.0,5.0,5.0,4.0,1.0,5.0
475,6.0,30.0,27706.0,1.0,4.0,6.0,0.0,0.0,0.0,3.0,4.0,3.0,2.0,4.0,4.0,4.0
476,4.0,19.0,27705.0,1.0,3.0,69.0,3.0,1.0,0.0,5.0,2.0,6.0,1.0,3.0,2.0,6.0
477,5.0,30.0,27707.0,2.0,1.0,6.0,1.0,1.0,0.0,5.0,4.0,7.0,1.0,2.0,4.0,9.0
478,2.0,28.0,27705.0,2.0,3.0,98.0,0.0,1.0,0.0,2.0,4.0,0.0,0.0,1.0,2.0,7.0
479,8.0,25.0,27705.0,2.0,1.0,77.0,4.0,0.0,0.0,2.0,5.0,8.0,5.0,2.0,2.0,7.0
480,5.0,22.0,27705.0,0.0,0.0,43.0,2.0,1.0,0.0,2.0,2.0,7.0,1.0,4.0,1.0,2.0
481,8.0,22.0,27706.0,0.0,0.0,38.0,4.0,0.0,0.0,1.0,2.0,6.0,5.0,2.0,1.0,6.0
482,8.0,24.0,27705.0,1.0,2.0,73.0,3.0,0.0,0.0,4.0,3.0,6.0,1.0,5.0,2.0,10.0
483,1.0,20.0,27707.0,1.0,0.0,42.0,4.0,0.0,0.0,3.0,3.0,5.0,0.0,1.0,3.0,10.0
484,7.0,23.0,27707.0,2.0,2.0,40.0,0.0,0.0,0.0,5.0,2.0,5.0,2.0,2.0,3.0,3.0
485,7.0,20.0,27706.0,2.0,1.0,6.0,1.0,0.0,0.0,1.0,4.0,0.0,0.0,4.0,5.0,4.0
486,1.0,27.0,27705.0,1.0,2.0,20.0,0.0,1.0,0.0,2.0,3.0,3.0,2.0,3.0,3.0,4.0
487,9.0,26.0,27707.0,1.0,3.0,41.0,0.0,0.0,0.0,5.0,5.0,5.0,2.0,4.0,5.0,6.0
488,0.0,18.0,27707.0,2.0,3.0,55.0,4.0,1.0,0.0,2.0,5.0,2.0,0.0,4.0,5.0,10.0
489,4.0,25.0,27706.0,1.0,2.0,10.0,2.0,1.0,0.0,5.0,3.0,7.0,5.0,4.0,3.0,8.0
490,7.0,25.0,27706.0,1.0,4.0,0.0,4.0,1.0,0.0,3.0,5.0,7.0,0.0,3.0,2.0,9.0
491,5.0,22.0,27707.0,1.0,2.0,71.0,3.0,1.0,0.0,3.0,1.0,6.0,2.0,1.0,4.0,8.0
492,1.0,29.0,27706.0,1.0,2.0,76.0,4.0,0.0,0.0,4.0,1.0,5.0,5.0,3.0,5.0,5.0
493,9.0,23.0,27705.0,2.0,1.0,6.0,1.0,0.0,0.0,3.0,2.0,0.0,5.0,2.0,3.0,0.0
494,7.0,21.0,27707.0,1.0,3.0,1.0,0.0,0.0,0.0,2.0,3.0,8.0,1.0,2.0,4.0,4.0
495,6.0,24.0,27705.0,2.0,1.0,73.0,1.0,1.0,0.0,5.0,3.0,0.0,5.0,5.0,5.0,3.0
496,1.0,23.0,27707.0,0.0,3.0,34.0,2.0,1.0,0.0,4.0,4.0,6.0,5.0,3.0,5.0,2.0
497,2.0,20.0,27707.0,1.0,3.0,39.0,1.0,1.0,0.0,2.0,1.0,5.0,5.0,4.0,3.0,6.0
498,10.0,30.0,27707.0,2.0,2.0,60.0,1.0,1.0,0.0,5.0,5.0,9.0,1.0,2.0,3.0,3.0
499,7.0,29.0,27707.0,0.0,2.0,0.0,3.0,0.0,0.0,2.0,2.0,4.0,4.0,1.0,4.0,7.0
500,3.0,20.0,27705.0,1.0,2.0,43.0,2.0,0.0,0.0,1.0,2.0,6.0,1.0,2.0,3.0,1.0
501,5.0,22.0,27707.0,0.0,2.0,62.0,2.0,0.0,0.0,2.0,4.0,6.0,4.0,1.0,5.0,9.0
502,7.0,27.0,27707.0,1.0,1.0,97.0,0.0,0.0,0.0,1.0,5.0,7.0,5.0,3.0,3.0,10.0
503,6.0,20.0,27707.0,0.0,4.0,45.0,1.0,1.0,0.0,4.0,3.0,2.0,3.0,5.0,4.0,8.0
504,1.0,24.0,27706.0,1.0,4.0,25.0,0.0,1.0,0.0,2.0,2.0,2.0,1.0,2.0,1.0,6.0
505,11.0,18.0,27707.0,0.0,1.0,40.0,0.0,0.0,0.0,1.0,3.0,1.0,5.0,1.0,3.0,6.0
506,8.0,23.0,27705.0,1.0,1.0,70.0,0.0,1.0,0.0,5.0,5.0,3.0,4.0,4.0,4.0,7.0
507,6.0,27.0,27705.0,2.0,4.0,0.0,0.0,0.0,0.0,3.0,1.0,1.0,2.0,4.0,1.0,6.0
508,4.0,23.0,27707.0,2.0,0.0,4.0,3.0,0.0,0.0,5.0,4.0,9.0,3.0,4.0,3.0,0.0
509,5.0,22.0,27705.0,1.0,0.0,13.0,0.0,1.0,0.0,4.0,5.0,0.0,3.0,3.0,5.0,5.0
510,10.0,30.0,27705.0,2.0,0.0,12.0,0.0,1.0,0.0,1.0,2.0,6.0,3.0,5.0,4.0,9.0
511,3.0,20.0,27707.0,2.0,4.0,19.0,1.0,1.0,0.0,5.0,5.0,4.0,1.0,5.0,1.0,7.0
512,7.0,22.0,27705.0,2.0,2.0,87.0,1.0,1.0,0.0,5.0,5.0,10.0,5.0,2.0,2.0,7.0
513,3.0,20.0,27707.0,0.0,3.0,48.0,0.0,1.0,0.0,4.0,5.0,1.0,3.0,3.0,1.0,1.0
514,3.0,24.0,27705.0,2.0,3.0,88.0,3.0,1.0,0.0,5.0,4.0,8.0,3.0,1.0,1.0,2.0
515,11.0,18.0,27705.0,1.0,0.0,96.0,4.0,1.0,0.0,2.0,5.0,9.0,0.0,5.0,4.0,7.0
516,3.0,19.0,27705.0,1.0,3.0,49.0,4.0,1.0,0.0,3.0,4.0,6.0,4.0,4.0,2.0,7.0
517,6.0,18.0,27706.0,2.0,0.0,21.0,3.0,1.0,0.0,5.0,5.0,10.0,0.0,1.0,3.0,10.0
518,11.0,30.0,27705.0,1.0,3.0,72.0,4.0,0.0,0.0,3.0,1.0,1.0,3.0,2.0,5.0,5.0
519,5.0,28.0,27706.0,1.0,1.0,78.0,1.0,0.0,0.0,2.0,5.0,10.0,0.0,2.0,4.0,10.0
520,4.0,20.0,27705.0,0.0,2.0,53.0,2.0,0.0,0.0,1.0,4.0,2.0,2.0,1.0,2.0,0.0
521,3.0,22.0,27706.0,2.0,3.0,51.0,4.0,0.0,0.0,2.0,5.0,4.0,1.0,1.0,5.0,9.0
522,0.0,25.0,27705.0,0.0,4.0,91.0,4.0,0.0,0.0,2.0,3.0,10.0,5.0,2.0,2.0,2.0
523,11.0,18.0,27705.0,1.0,0.0,32.0,1.0,1.0,0.0,2.0,5.0,6.0,4.0,1.0,2.0,0.0
524,4.0,30.0,27706.0,1.0,1.0,24.0,0.0,1.0,0.0,4.0,4.0,10.0,4.0,5.0,3.0,2.0
525,2.0,28.0,27706.0,2.0,1.0,80.0,2.0,0.0,0.0,3.0,5.0,8.0,0.0,5.0,4.0,6.0
526,9.0,27.0,27707.0,1.0,3.0,3.0,3.0,1.0,0.0,4.0,4.0,8.0,3.0,4.0,5.0,1.0
527,5.0,22.0,27705.0,2.0,1.0,5.0,1.0,0.0,0.0,4.0,3.0,5.0,1.0,5.0,2.0,9.0
528,0.0,21.0,27705.0,1.0,3.0,11.0,2.0,0.0,0.0,2.0,3.0,0.0,2.0,3.0,1.0,7.0
529,4.0,21.0,27707.0,0.0,4.0,1.0,1.0,0.0,0.0,3.0,2.0,4.0,2.0,2.0,5.0,5.0
530,11.0,20.0,27705.0,2.0,2.0,87.0,3.0,0.0,0.0,1.0,4.0,6.0,1.0,2.0,1.0,1.0
531,4.0,22.0,27705.0,1.0,3.0,67.0,2.0,0.0,0.0,2.0,4.0,7.0,0.0,1.0,4.0,9.0
532,8.0,29.0,27706.0,2.0,0.0,54.0,3.0,0.0,0.0,1.0,2.0,0.0,2.0,2.0,2.0,7.0
533,1.0,27.0,27707.0,2.0,0.0,47.0,3.0,1.0,0.0,4.0,3.0,9.0,5.0,3.0,2.0,0.0
534,6.0,27.0,27706.0,0.0,1.0,99.0,3.0,1.0,0.0,2.0,2.0,10.0,1.0,5.0,4.0,7.0
535,9.0,30.0,27706.0,0.0,2.0,36.0,2.0,1.0,0.0,4.0,1.0,7.0,3.0,3.0,2.0,0.0
536,8.0,20.0,27705.0,0.0,4.0,23.0,1.0,1.0,0.0,5.0,3.0,7.0,1.0,3.0,5.0,3.0
537,4.0,27.0,27706.0,1.0,1.0,39.0,4.0,1.0,0.0,4.0,2.0,6.0,2.0,3.0,3.0,0.0
538,1.0,18.0,27707.0,0.0,2.0,36.0,4.0,1.0,0.0,4.0,3.0,0.0,4.0,3.0,1.0,10.0
539,5.0,28.0,27706.0,2.0,2.0,16.0,3.0,0.0,0.0,1.0,4.0,0.0,4.0,1.0,3.0,9.0
540,7.0,27.0,27706.0,1.0,2.0,59.0,0.0,0.0,0.0,5.0,1.0,8.0,3.0,4.0,5.0,5.0
541,11.0,18.0,27707.0,1.0,1.0,40.0,2.0,0.0,0.0,5.0,1.0,1.0,3.0,1.0,4.0,4.0
542,5.0,18.0,27705.0,0.0,3.0,2.0,2.0,1.0,0.0,1.0,3.0,6.0,3.0,5.0,2.0,0.0
543,7.0,28.0,27705.0,0.0,4.0,77.0,1.0,1.0,0.0,1.0,3.0,4.0,3.0,1.0,3.0,5.0
544,4.0,29.0,27705.0,1.0,1.0,10.0,1.0,1.0,0.0,3.0,1.0,3.0,2.0,3.0,4.0,8.0
545,3.0,19.0,27706.0,1.0,3.0,20.0,0.0,0.0,0.0,4.0,3.0,0.0,1.0,5.0,2.0,6.0
546,5.0,27.0,27707.0,2.0,2.0,26.0,2.0,1.0,0.0,1.0,4.0,0.0,2.0,2.0,5.0,4.0
547,4.0,19.0,27706.0,1.0,2.0,27.0,2.0,1.0,0.0,1.0,2.0,5.0,1.0,2.0,1.0,9.0
548,8.0,22.0,27706.0,0.0,0.0,48.0,2.0,1.0,0.0,5.0,5.0,6.0,4.0,3.0,2.0,1.0
549,5.0,25.0,27707.0,1.0,3.0,93.0,3.0,0.0,0.0,2.0,2.0,10.0,5.0,3.0,4.0,9.0
550,1.0,18.0,27707.0,2.0,3.0,68.0,0.0,0.0,0.0,5.0,1.0,0.0,4.0,1.0,2.0,5.0
551,5.0,28.0,27707.0,1.0,1.0,85.0,3.0,1.0,0.0,2.0,1.0,3.0,2.0,3.0,3.0,0.0
552,2.0,25.0,27705.0,2.0,2.0,99.0,0.0,0.0,0.0,4.0,2.0,7.0,1.0,1.0,5.0,4.0
553,9.0,18.0,27707.0,1.0,4.0,10.0,3.0,0.0,0.0,2.0,3.0,2.0,3.0,2.0,2.0,4.0
554,11.0,21.0,27707.0,0.0,1.0,49.0,1.0,1.0,0.0,3.0,5.0,0.0,1.0,2.0,2.0,10.0
555,4.0,28.0,27707.0,2.0,1.0,9.0,3.0,1.0,0.0,5.0,4.0,3.0,5.0,3.0,2.0,8.0
556,1.0,19.0,27706.0,0.0,4.0,39.0,3.0,0.0,0.0,4.0,1.0,3.0,3.0,3.0,1.0,4.0
557,4.0,23.0,27707.0,2.0,4.0,70.0,4.0,1.0,0.0,5.0,2.0,0.0,0.0,4.0,2.0,6.0
558,4.0,28.0,27707.0,0.0,3.0,7.0,1.0,0.0,0.0,1.0,4.0,4.0,3.0,2.0,5.0,4.0
559,2.0,28.0,27707.0,1.0,4.0,92.0,2.0,0.0,0.0,2.0,1.0,4.0,2.0,4.0,4.0,10.0
560,9.0,27.0,27705.0,1.0,4.0,76.0,0.0,1.0,0.0,4.0,1.0,2.0,1.0,1.0,1.0,5.0
561,3.0,25.0,27705.0,0.0,2.0,84.0,3.0,0.0,0.0,3.0,5.0,7.0,2.0,1.0,2.0,2.0
562,11.0,21.0,27705.0,2.0,0.0,50.0,1.0,1.0,0.0,1.0,2.0,3.0,5.0,4.0,4.0,0.0
563,1.0,30.0,27707.0,2.0,3.0,98.0,1.0,1.0,0.0,3.0,5.0,5.0,1.0,2.0,2.0,2.0
564,2.0,25.0,27706.0,1.0,1.0,46.0,2.0,1.0,0.0,5.0,1.0,4.0,5.0,2.0,4.0,0.0
565,1.0,20.0,27706.0,1.0,2.0,25.0,2.0,0.0,0.0,5.0,2.0,3.0,2.0,2.0,2.0,1.0
566,1.0,26.0,27705.0,2.0,0.0,99.0,4.0,1.0,0.0,4.0,5.0,2.0,5.0,3.0,5.0,7.0
567,6.0,19.0,27706.0,0.0,0.0,10.0,0.0,1.0,0.0,2.0,4.0,1.0,5.0,4.0,1.0,1.0
568,3.0,21.0,27707.0,0.0,1.0,62.0,1.0,1.0,0.0,2.0,3.0,6.0,2.0,4.0,1.0,2.0
569,1.0,20.0,27707.0,1.0,4.0,25.0,2.0,0.0,0.0,4.0,4.0,8.0,2.0,2.0,2.0,1.0
570,11.0,19.0,27705.0,0.0,4.0,6.0,1.0,1.0,0.0,4.0,2.0,0.0,2.0,1.0,2.0,1.0
571,11.0,20.0,27706.0,2.0,0.0,71.0,4.0,1.0,0.0,2.0,2.0,7.0,3.0,2.0,4.0,1.0
572,4.0,21.0,27706.0,0.0,4.0,20.0,0.0,1.0,0.0,3.0,3.0,0.0,1.0,1.0,2.0,9.0
573,11.0,30.0,27706.0,2.0,3.0,72.0,2.0,1.0,0.0,1.0,5.0,4.0,2.0,1.0,2.0,3.0
574,6.0,30.0,27707.0,1.0,1.0,21.0,4.0,0.0,0.0,1.0,5.0,0.0,0.0,1.0,5.0,3.0
575,0.0,30.0,27705.0,0.0,2.0,20.0,3.0,1.0,0.0,5.0,4.0,1.0,5.0,2.0,5.0,4.0
576,9.0,20.0,27705.0,0.0,3.0,80.0,2.0,0.0,0.0,3.0,4.0,3.0,5.0,3.0,2.0,4.0
577,7.0,25.0,27706.0,0.0,1.0,6.0,0.0,1.0,0.0,4.0,1.0,10.0,2.0,3.0,2.0,4.0
578,0.0,26.0,27706.0,1.0,1.0,26.0,3.0,0.0,0.0,2.0,2.0,7.0,2.0,1.0,4.0,10.0
579,5.0,23.0,27707.0,2.0,1.0,9.0,4.0,1.0,0.0,3.0,2.0,3.0,5.0,5.0,2.0,3.0
580,4.0,25.0,27707.0,2.0,2.0,84.0,3.0,0.0,0.0,4.0,3.0,1.0,3.0,1.0,3.0,5.0
581,1.0,29.0,27707.0,0.0,2.0,7.0,3.0,0.0,0.0,5.0,5.0,7.0,3.0,4.0,3.0,4.0
582,6.0,29.0,27705.0,2.0,1.0,82.0,1.0,0.0,0.0,5.0,3.0,2.0,2.0,3.0,2.0,0.0
583,5.0,30.0,27705.0,0.0,3.0,85.0,0.0,1.0,0.0,2.0,5.0,5.0,2.0,1.0,1.0,0.0
584,10.0,19.0,27705.0,2.0,4.0,65.0,0.0,1.0,0.0,3.0,4.0,3.0,1.0,4.0,3.0,10.0
585,3.0,21.0,27705.0,2.0,3.0,22.0,2.0,0.0,0.0,4.0,4.0,5.0,0.0,5.0,1.0,5.0
586,7.0,21.0,27707.0,1.0,3.0,49.0,4.0,0.0,0.0,2.0,5.0,6.0,4.0,3.0,1.0,8.0
587,1.0,26.0,27705.0,2.0,2.0,54.0,4.0,1.0,0.0,4.0,3.0,8.0,3.0,5.0,5.0,4.0
588,6.0,25.0,27705.0,1.0,3.0,67.0,3.0,1.0,0.0,4.0,2.0,2.0,5.0,1.0,4.0,4.0
589,1.0,20.0,27707.0,2.0,2.0,23.0,3.0,0.0,0.0,5.0,2.0,8.0,5.0,2.0,4.0,6.0
590,8.0,28.0,27707.0,0.0,0.0,48.0,0.0,0.0,0.0,2.0,2.0,3.0,4.0,5.0,4.0,8.0
591,0.0,27.0,27707.0,2.0,0.0,18.0,3.0,0.0,0.0,2.0,3.0,2.0,0.0,4.0,2.0,3.0
592,11.0,25.0,27707.0,0.0,0.0,58.0,0.0,1.0,0.0,3.0,1.0,1.0,3.0,2.0,3.0,5.0
593,3.0,27.0,27707.0,2.0,3.0,41.0,2.0,1.0,0.0,3.0,2.0,8.0,5.0,5.0,5.0,5.0
594,6.0,20.0,27706.0,1.0,2.0,88.0,2.0,1.0,0.0,2.0,5.0,3.0,5.0,1.0,3.0,5.0
595,2.0,23.0,27707.0,2.0,3.0,29.0,0.0,1.0,0.0,2.0,4.0,1.0,3.0,1.0,2.0,5.0
596,4.0,29.0,27705.0,2.0,1.0,67.0,2.0,0.0,0.0,3.0,3.0,6.0,2.0,3.0,1.0,4.0
597,1.0,27.0,27706.0,2.0,4.0,88.0,2.0,1.0,0.0,3.0,2.0,4.0,3.0,1.0,1.0,1.0
598,4.0,19.0,27705.0,2.0,3.0,10.0,3.0,1.0,0.0,5.0,5.0,4.0,3.0,4.0,2.0,3.0
599,6.0,20.0,27707.0,2.0,3.0,42.0,1.0,1.0,0.0,4.0,5.0,8.0,5.0,2.0,3.0,7.0
600,9.0,30.0,27705.0,2.0,4.0,47.0,3.0,0.0,0.0,5.0,2.0,2.0,2.0,5.0,5.0,5.0
601,11.0,23.0,27707.0,1.0,2.0,23.0,1.0,0.0,0.0,4.0,5.0,7.0,0.0,1.0,2.0,8.0
602,1.0,24.0,27705.0,1.0,4.0,50.0,1.0,0.0,0.0,5.0,1.0,0.0,3.0,2.0,1.0,9.0
603,7.0,30.0,27705.0,0.0,2.0,90.0,0.0,0.0,0.0,1.0,1.0,6.0,2.0,5.0,2.0,10.0
604,1.0,23.0,27707.0,2.0,3.0,2.0,3.0,0.0,0.0,4.0,5.0,0.0,1.0,2.0,4.0,6.0
605,5.0,22.0,27705.0,0.0,4.0,20.0,0.0,0.0,0.0,1.0,4.0,1.0,0.0,2.0,4.0,4.0
606,8.0,29.0,27706.0,2.0,1.0,57.0,1.0,1.0,0.0,5.0,3.0,1.0,3.0,3.0,4.0,5.0
607,9.0,18.0,27706.0,2.0,3.0,89.0,4.0,0.0,0.0,1.0,5.0,2.0,3.0,1.0,1.0,7.0
608,7.0,30.0,27706.0,2.0,0.0,33.0,4.0,1.0,0.0,1.0,5.0,6.0,3.0,4.0,3.0,4.0
609,9.0,19.0,27706.0,0.0,4.0,86.0,0.0,1.0,0.0,1.0,5.0,5.0,5.0,5.0,3.0,2.0
610,1.0,21.0,27705.0,0.0,2.0,19.0,0.0,0.0,0.0,2.0,1.0,0.0,5.0,5.0,5.0,8.0
611,6.0,22.0,27706.0,2.0,0.0,32.0,4.0,0.0,0.0,4.0,4.0,10.0,3.0,3.0,5.0,2.0
612,3.0,27.0,27707.0,2.0,3.0,15.0,0.0,0.0,0.0,2.0,5.0,5.0,5.0,1.0,2.0,8.0
613,4.0,24.0,27707.0,2.0,3.0,29.0,0.0,0.0,0.0,4.0,3.0,2.0,0.0,3.0,2.0,8.0
614,10.0,29.0,27707.0,0.0,0.0,4.0,1.0,1.0,0.0,4.0,1.0,3.0,2.0,5.0,3.0,4.0
615,7.0,25.0,27707.0,1.0,4.0,60.0,2.0,1.0,0.0,5.0,4.0,3.0,4.0,4.0,1.0,3.0
616,7.0,21.0,27705.0,0.0,4.0,70.0,3.0,0.0,0.0,4.0,3.0,5.0,3.0,1.0,5.0,9.0
617,1.0,19.0,27705.0,0.0,1.0,96.0,1.0,1.0,0.0,4.0,2.0,7.0,3.0,1.0,4.0,0.0
618,5.0,19.0,27707.0,2.0,1.0,24.0,4.0,1.0,0.0,4.0,3.0,8.0,0.0,5.0,1.0,7.0
619,7.0,21.0,27706.0,2.0,0.0,63.0,1.0,1.0,0.0,4.0,1.0,3.0,0.0,3.0,4.0,0.0
620,8.0,29.0,27707.0,1.0,2.0,67.0,4.0,0.0,0.0,5.0,2.0,2.0,2.0,4.0,3.0,2.0
621,7.0,21.0,27705.0,1.0,3.0,23.0,3.0,0.0,0.0,2.0,1.0,4.0,0.0,3.0,2.0,3.0
622,10.0,21.0,27705.0,2.0,2.0,57.0,4.0,0.0,0.0,1.0,1.0,0.0,5.0,5.0,4.0,9.0
623,2.0,24.0,27706.0,1.0,3.0,98.0,4.0,0.0,0.0,1.0,1.0,7.0,5.0,5.0,3.0,5.0
624,7.0,19.0,27707.0,1.0,3.0,73.0,1.0,0.0,0.0,5.0,1.0,2.0,3.0,4.0,2.0,2.0
625,8.0,29.0,27705.0,0.0,0.0,10.0,1.0,0.0,0.0,3.0,5.0,0.0,4.0,5.0,2.0,2.0
626,9.0,30.0,27707.0,0.0,3.0,58.0,0.0,0.0,0.0,4.0,4.0,0.0,4.0,2.0,5.0,10.0
627,4.0,18.0,27705.0,1.0,1.0,76.0,2.0,0.0,0.0,2.0,1.0,4.0,1.0,3.0,5.0,9.0
628,4.0,27.0,27707.0,1.0,0.0,35.0,4.0,1.0,0.0,2.0,5.0,0.0,0.0,1.0,1.0,2.0
629,0.0,27.0,27707.0,2.0,1.0,33.0,0.0,0.0,0.0,5.0,5.0,2.0,4.0,3.0,1.0,0.0
630,1.0,23.0,27707.0,2.0,1.0,22.0,2.0,0.0,0.0,4.0,1.0,4.0,4.0,1.0,3.0,9.0
631,5.0,24.0,27705.0,0.0,3.0,24.0,3.0,1.0,0.0,5.0,4.0,7.0,3.0,1.0,4.0,5.0
632,4.0,20.0,27707.0,1.0,0.0,52.0,1.0,0.0,0.0,5.0,2.0,8.0,2.0,5.0,5.0,8.0
633,7.0,23.0,27705.0,0.0,4.0,87.0,4.0,0.0,0.0,5.0,2.0,8.0,5.0,1.0,2.0,5.0
634,4.0,22.0,27707.0,2.0,1.0,12.0,3.0,1.0,0.0,1.0,5.0,5.0,0.0,5.0,2.0,0.0
635,7.0,27.0,27707.0,1.0,0.0,43.0,4.0,1.0,0.0,5.0,2.0,7.0,5.0,1.0,2.0,9.0
636,5.0,22.0,27705.0,2.0,3.0,73.0,3.0,1.0,0.0,4.0,1.0,5.0,4.0,3.0,2.0,7.0
637,4.0,25.0,27705.0,1.0,0.0,9.0,4.0,1.0,0.0,2.0,3.0,10.0,4.0,1.0,2.0,1.0
638,11.0,29.0,27705.0,0.0,2.0,69.0,1.0,1.0,0.0,1.0,1.0,2.0,3.0,1.0,3.0,7.0
639,1.0,21.0,27705.0,2.0,2.0,51.0,2.0,1.0,0.0,2.0,5.0,0.0,2.0,2.0,2.0,5.0
640,6.0,21.0,27707.0,0.0,1.0,15.0,3.0,0.0,0.0,5.0,3.0,8.0,3.0,4.0,5.0,0.0
641,11.0,19.0,27706.0,1.0,2.0,63.0,0.0,0.0,0.0,1.0,2.0,0.0,2.0,3.0,4.0,3.0
642,3.0,23.0,27705.0,1.0,3.0,68.0,3.0,1.0,0.0,5.0,2.0,9.0,2.0,5.0,3.0,8.0
643,5.0,30.0,27706.0,1.0,1.0,61.0,2.0,1.0,0.0,2.0,4.0,10.0,4.0,5.0,1.0,1.0
644,1.0,24.0,27705.0,2.0,2.0,71.0,4.0,0.0,0.0,4.0,2.0,2.0,2.0,3.0,3.0,0.0
645,6.0,21.0,27706.0,1.0,4.0,63.0,0.0,1.0,0.0,3.0,3.0,4.0,1.0,1.0,4.0,0.0
646,6.0,26.0,27707.0,0.0,2.0,78.0,0.0,0.0,0.0,1.0,5.0,7.0,2.0,3.0,1.0,8.0
647,0.0,27.0,27705.0,1.0,0.0,68.0,1.0,1.0,0.0,2.0,2.0,0.0,1.0,3.0,2.0,2.0
648,9.0,23.0,27707.0,0.0,2.0,47.0,1.0,0.0,0.0,5.0,5.0,8.0,4.0,3.0,1.0,6.0
649,3.0,23.0,27707.0,0.0,4.0,52.0,4.0,0.0,0.0,4.0,1.0,8.0,3.0,3.0,5.0,8.0
650,2.0,20.0,27707.0,2.0,0.0,84.0,0.0,0.0,0.0,5.0,1.0,3.0,4.0,5.0,1.0,3.0
651,2.0,24.0,27706.0,2.0,0.0,67.0,4.0,1.0,0.0,4.0,1.0,2.0,0.0,5.0,5.0,7.0
652,11.0,20.0,27706.0,1.0,0.0,42.0,0.0,1.0,0.0,5.0,5.0,1.0,0.0,3.0,3.0,9.0
653,2.0,24.0,27707.0,2.0,4.0,99.0,4.0,0.0,0.0,2.0,4.0,5.0,3.0,1.0,2.0,0.0
654,11.0,20.0,27706.0,1.0,4.0,28.0,1.0,1.0,0.0,1.0,2.0,10.0,0.0,4.0,4.0,2.0
655,10.0,27.0,27706.0,2.0,1.0,81.0,0.0,0.0,0.0,1.0,2.0,2.0,0.0,1.0,5.0,1.0
656,4.0,29.0,27707.0,0.0,2.0,86.0,3.0,0.0,0.0,3.0,3.0,10.0,5.0,1.0,3.0,9.0
657,11.0,22.0,27706.0,0.0,3.0,95.0,0.0,1.0,0.0,4.0,4.0,3.0,5.0,3.0,4.0,0.0
658,11.0,29.0,27705.0,1.0,2.0,59.0,0.0,1.0,0.0,4.0,2.0,0.0,0.0,4.0,4.0,1.0
659,5.0,20.0,27706.0,2.0,4.0,10.0,0.0,1.0,0.0,5.0,4.0,0.0,2.0,2.0,2.0,1.0
660,6.0,25.0,27705.0,1.0,4.0,26.0,3.0,1.0,0.0,5.0,3.0,9.0,2.0,1.0,1.0,6.0
661,7.0,30.0,27705.0,1.0,0.0,96.0,4.0,1.0,0.0,5.0,1.0,1.0,4.0,1.0,5.0,0.0
662,9.0,30.0,27705.0,2.0,2.0,84.0,0.0,1.0,0.0,5.0,5.0,9.0,4.0,3.0,4.0,9.0
663,4.0,22.0,27707.0,2.0,0.0,58.0,1.0,1.0,0.0,1.0,1.0,1.0,4.0,3.0,3.0,1.0
664,0.0,21.0,27707.0,0.0,1.0,71.0,4.0,0.0,0.0,4.0,1.0,2.0,5.0,3.0,2.0,3.0
665,6.0,20.0,27707.0,1.0,1.0,59.0,1.0,0.0,0.0,3.0,5.0,9.0,2.0,5.0,3.0,8.0
666,1.0,28.0,27707.0,0.0,2.0,93.0,0.0,0.0,0.0,3.0,3.0,6.0,2.0,2.0,1.0,7.0
667,6.0,26.0,27707.0,0.0,3.0,92.0,0.0,0.0,0.0,2.0,3.0,1.0,5.0,1.0,1.0,2.0
668,5.0,19.0,27707.0,1.0,4.0,46.0,0.0,1.0,0.0,2.0,4.0,5.0,2.0,1.0,3.0,2.0
669,11.0,27.0,27705.0,1.0,2.0,11.0,3.0,0.0,0.0,2.0,1.0,7.0,4.0,4.0,5.0,1.0
670,0.0,27.0,27705.0,1.0,4.0,76.0,2.0,0.0,0.0,1.0,2.0,9.0,3.0,4.0,5.0,7.0
671,11.0,20.0,27707.0,2.0,1.0,45.0,3.0,1.0,0.0,1.0,5.0,0.0,1.0,5.0,2.0,9.0
672,10.0,27.0,27705.0,0.0,0.0,32.0,4.0,0.0,0.0,4.0,5.0,1.0,4.0,3.0,2.0,5.0
673,2.0,26.0,27705.0,2.0,3.0,74.0,1.0,0.0,0.0,1.0,1.0,2.0,3.0,3.0,4.0,3.0
674,8.0,22.0,27705.0,0.0,1.0,99.0,3.0,0.0,0.0,3.0,5.0,3.0,2.0,1.0,5.0,9.0
675,7.0,20.0,27706.0,0.0,3.0,97.0,3.0,0.0,0.0,3.0,5.0,6.0,4.0,2.0,3.0,3.0
676,7.0,30.0,27705.0,0.0,3.0,94.0,2.0,1.0,0.0,3.0,5.0,10.0,5.0,1.0,3.0,4.0
677,5.0,21.0,27705.0,1.0,0.0,5.0,1.0,0.0,0.0,5.0,1.0,9.0,3.0,3.0,2.0,8.0
678,11.0,27.0,27707.0,2.0,0.0,21.0,1.0,1.0,0.0,3.0,3.0,5.0,0.0,2.0,4.0,0.0
679,11.0,20.0,27706.0,0.0,0.0,5.0,2.0,1.0,0.0,1.0,4.0,2.0,1.0,4.0,1.0,6.0
680,4.0,24.0,27706.0,2.0,3.0,99.0,3.0,1.0,0.0,4.0,1.0,8.0,3.0,3.0,5.0,4.0
681,6.0,27.0,27705.0,0.0,3.0,15.0,0.0,0.0,0.0,5.0,2.0,6.0,1.0,4.0,5.0,6.0
682,0.0,25.0,27707.0,2.0,1.0,70.0,3.0,0.0,0.0,2.0,1.0,4.0,5.0,5.0,5.0,4.0
683,1.0,22.0,27707.0,1.0,4.0,59.0,0.0,1.0,0.0,4.0,1.0,5.0,2.0,2.0,2.0,8.0
684,4.0,24.0,27707.0,2.0,0.0,14.0,1.0,1.0,0.0,3.0,2.0,3.0,1.0,1.0,2.0,8.0
685,5.0,22.0,27706.0,2.0,3.0,14.0,0.0,1.0,0.0,2.0,3.0,2.0,4.0,1.0,1.0,2.0
686,11.0,20.0,27706.0,1.0,2.0,55.0,2.0,0.0,0.0,4.0,5.0,1.0,0.0,2.0,5.0,0.0
687,5.0,19.0,27707.0,1.0,2.0,76.0,0.0,0.0,0.0,2.0,3.0,7.0,0.0,3.0,2.0,9.0
688,10.0,20.0,27707.0,0.0,4.0,35.0,3.0,1.0,0.0,3.0,5.0,10.0,3.0,1.0,3.0,2.0
689,7.0,28.0,27707.0,2.0,3.0,58.0,1.0,0.0,0.0,3.0,1.0,7.0,5.0,5.0,5.0,9.0
690,1.0,26.0,27705.0,2.0,1.0,3.0,0.0,0.0,0.0,2.0,1.0,4.0,4.0,4.0,3.0,10.0
691,8.0,24.0,27707.0,2.0,3.0,85.0,1.0,0.0,0.0,2.0,1.0,3.0,2.0,3.0,2.0,4.0
692,9.0,18.0,27707.0,2.0,0.0,84.0,3.0,0.0,0.0,1.0,4.0,5.0,5.0,5.0,3.0,6.0
693,2.0,20.0,27705.0,0.0,0.0,46.0,1.0,1.0,0.0,5.0,1.0,2.0,1.0,4.0,1.0,3.0
694,10.0,25.0,27707.0,1.0,3.0,45.0,2.0,1.0,0.0,5.0,5.0,10.0,5.0,1.0,5.0,7.0
695,11.0,30.0,27706.0,2.0,0.0,53.0,1.0,1.0,0.0,2.0,4.0,0.0,2.0,5.0,2.0,6.0
696,9.0,29.0,27706.0,2.0,2.0,83.0,1.0,0.0,0.0,2.0,3.0,3.0,0.0,5.0,4.0,5.0
697,3.0,21.0,27707.0,2.0,0.0,64.0,2.0,1.0,0.0,2.0,1.0,5.0,3.0,1.0,5.0,9.0
698,3.0,24.0,27705.0,0.0,4.0,47.0,1.0,0.0,0.0,3.0,5.0,1.0,1.0,1.0,3.0,6.0
699,9.0,22.0,27707.0,2.0,2.0,29.0,3.0,0.0,0.0,3.0,1.0,2.0,4.0,2.0,4.0,6.0
700,7.0,28.0,27706.0,1.0,3.0,36.0,1.0,1.0,0.0,3.0,4.0,7.0,3.0,3.0,1.0,1.0
701,5.0,25.0,27706.0,0.0,2.0,89.0,2.0,1.0,0.0,5.0,3.0,0.0,4.0,5.0,1.0,5.0
702,11.0,21.0,27707.0,2.0,1.0,59.0,0.0,1.0,0.0,4.0,5.0,2.0,4.0,1.0,1.0,1.0
703,11.0,27.0,27706.0,1.0,0.0,19.0,3.0,1.0,0.0,3.0,5.0,4.0,5.0,5.0,2.0,4.0
704,7.0,25.0,27706.0,2.0,3.0,80.0,4.0,1.0,0.0,2.0,5.0,7.0,3.0,4.0,5.0,1.0
705,8.0,19.0,27707.0,0.0,2.0,24.0,4.0,1.0,0.0,2.0,3.0,2.0,1.0,1.0,3.0,0.0
706,8.0,23.0,27707.0,0.0,1.0,34.0,4.0,1.0,0.0,5.0,4.0,10.0,2.0,5.0,2.0,9.0
707,3.0,19.0,27705.0,2.0,0.0,66.0,2.0,1.0,0.0,3.0,5.0,8.0,1.0,3.0,5.0,4.0
708,3.0,24.0,27707.0,2.0,4.0,27.0,3.0,0.0,0.0,3.0,1.0,6.0,1.0,4.0,2.0,1.0
709,4.0,21.0,27707.0,1.0,3.0,96.0,1.0,1.0,0.0,5.0,3.0,3.0,4.0,2.0,3.0,4.0
710,11.0,18.0,27706.0,2.0,2.0,43.0,1.0,0.0,0.0,2.0,2.0,5.0,5.0,2.0,3.0,3.0
711,4.0,27.0,27706.0,1.0,0.0,66.0,2.0,1.0,0.0,4.0,1.0,9.0,4.0,2.0,5.0,5.0
712,10.0,26.0,27707.0,1.0,0.0,1.0,3.0,0.0,0.0,3.0,5.0,5.0,2.0,4.0,1.0,4.0
713,3.0,26.0,27705.0,0.0,1.0,30.0,0.0,0.0,0.0,5.0,3.0,4.0,4.0,2.0,1.0,2.0
714,10.0,25.0,27705.0,2.0,2.0,71.0,3.0,0.0,0.0,4.0,1.0,5.0,4.0,4.0,2.0,10.0
715,5.0,29.0,27706.0,1.0,0.0,83.0,2.0,1.0,0.0,4.0,3.0,4.0,3.0,5.0,4.0,9.0
716,8.0,29.0,27707.0,0.0,0.0,81.0,1.0,0.0,0.0,2.0,1.0,8.0,2.0,1.0,4.0,8.0
717,3.0,24.0,27706.0,2.0,3.0,56.0,4.0,1.0,0.0,1.0,5.0,0.0,5.0,5.0,3.0,0.0
718,0.0,25.0,27705.0,2.0,1.0,41.0,4.0,1.0,0.0,4.0,1.0,10.0,1.0,1.0,2.0,0.0
719,5.0,24.0,27707.0,1.0,2.0,14.0,0.0,1.0,0.0,3.0,2.0,8.0,3.0,2.0,2.0,4.0
720,10.0,18.0,27707.0,1.0,2.0,89.0,3.0,1.0,0.0,2.0,3.0,1.0,4.0,4.0,5.0,3.0
721,0.0,30.0,27707.0,0.0,4.0,9.0,1.0,1.0,0.0,5.0,5.0,6.0,1.0,5.0,1.0,0.0
722,7.0,18.0,27706.0,2.0,0.0,12.0,0.0,0.0,0.0,2.0,1.0,6.0,2.0,3.0,2.0,8.0
723,6.0,18.0,27707.0,1.0,0.0,54.0,1.0,0.0,0.0,2.0,2.0,10.0,3.0,1.0,5.0,2.0
724,2.0,30.0,27706.0,1.0,3.0,24.0,4.0,1.0,0.0,4.0,3.0,8.0,4.0,3.0,1.0,0.0
725,11.0,25.0,27705.0,1.0,4.0,73.0,4.0,1.0,0.0,3.0,3.0,5.0,3.0,2.0,3.0,4.0
726,3.0,20.0,27707.0,0.0,2.0,21.0,2.0,0.0,0.0,3.0,4.0,1.0,4.0,1.0,2.0,2.0
727,3.0,23.0,27706.0,2.0,1.0,95.0,0.0,0.0,0.0,1.0,1.0,0.0,5.0,1.0,1.0,1.0
728,1.0,26.0,27707.0,0.0,1.0,20.0,1.0,0.0,0.0,3.0,3.0,4.0,1.0,2.0,1.0,2.0
729,9.0,19.0,27706.0,2.0,1.0,66.0,1.0,1.0,0.0,2.0,5.0,2.0,4.0,2.0,2.0,4.0
730,1.0,27.0,27707.0,2.0,3.0,5.0,2.0,1.0,0.0,5.0,4.0,9.0,3.0,3.0,5.0,8.0
731,9.0,29.0,27705.0,1.0,0.0,52.0,1.0,0.0,0.0,4.0,4.0,6.0,2.0,1.0,3.0,0.0
732,4.0,28.0,27706.0,0.0,3.0,84.0,2.0,0.0,0.0,4.0,5.0,3.0,1.0,2.0,4.0,10.0
733,4.0,18.0,27706.0,1.0,2.0,54.0,0.0,0.0,0.0,4.0,5.0,4.0,5.0,1.0,5.0,9.0
734,9.0,25.0,27706.0,0.0,3.0,79.0,0.0,1.0,0.0,3.0,4.0,2.0,1.0,2.0,5.0,9.0
735,11.0,25.0,27705.0,2.0,4.0,29.0,2.0,1.0,0.0,4.0,2.0,5.0,4.0,2.0,4.0,8.0
736,6.0,30.0,27707.0,2.0,0.0,28.0,4.0,0.0,0.0,5.0,5.0,3.0,2.0,4.0,5.0,0.0
737,10.0,28.0,27705.0,1.0,2.0,41.0,0.0,1.0,0.0,3.0,1.0,5.0,0.0,5.0,2.0,6.0
738,11.0,23.0,27706.0,1.0,4.0,20.0,0.0,1.0,0.0,5.0,5.0,5.0,4.0,2.0,2.0,10.0
739,6.0,19.0,27706.0,0.0,2.0,21.0,0.0,0.0,0.0,5.0,2.0,2.0,3.0,2.0,2.0,7.0
740,0.0,19.0,27705.0,0.0,4.0,19.0,1.0,0.0,0.0,1.0,2.0,4.0,5.0,5.0,4.0,7.0
741,8.0,24.0,27706.0,0.0,4.0,59.0,4.0,1.0,0.0,4.0,1.0,8.0,4.0,1.0,4.0,7.0
742,11.0,27.0,27705.0,0.0,4.0,81.0,0.0,1.0,0.0,3.0,4.0,0.0,1.0,2.0,5.0,8.0
743,9.0,20.0,27705.0,1.0,4.0,14.0,4.0,0.0,0.0,3.0,2.0,2.0,5.0,5.0,3.0,1.0
744,9.0,25.0,27706.0,2.0,3.0,66.0,2.0,1.0,0.0,4.0,3.0,8.0,0.0,4.0,3.0,7.0
745,6.0,27.0,27707.0,2.0,1.0,38.0,2.0,0.0,0.0,2.0,4.0,2.0,4.0,5.0,1.0,2.0
746,7.0,19.0,27706.0,1.0,1.0,30.0,2.0,1.0,0.0,1.0,3.0,1.0,4.0,3.0,5.0,0.0
747,6.0,20.0,27707.0,1.0,2.0,87.0,4.0,0.0,0.0,2.0,2.0,8.0,4.0,1.0,4.0,2.0
748,2.0,20.0,27706.0,2.0,4.0,10.0,3.0,0.0,0.0,3.0,3.0,9.0,2.0,1.0,5.0,7.0
749,5.0,22.0,27707.0,2.0,4.0,26.0,1.0,0.0,0.0,3.0,1.0,1.0,0.0,3.0,4.0,3.0
750,1.0,19.0,27707.0,2.0,0.0,33.0,2.0,0.0,0.0,4.0,1.0,5.0,1.0,1.0,4.0,0.0
751,6.0,24.0,27706.0,1.0,0.0,59.0,0.0,0.0,0.0,2.0,4.0,10.0,2.0,2.0,4.0,9.0
752,11.0,22.0,27705.0,1.0,3.0,81.0,2.0,1.0,0.0,2.0,2.0,7.0,2.0,5.0,4.0,7.0
753,7.0,30.0,27706.0,2.0,1.0,30.0,2.0,0.0,0.0,5.0,3.0,4.0,3.0,2.0,1.0,8.0
754,6.0,21.0,27707.0,2.0,2.0,94.0,3.0,1.0,0.0,4.0,2.0,3.0,1.0,1.0,4.0,5.0
755,3.0,28.0,27705.0,0.0,2.0,50.0,3.0,0.0,0.0,5.0,5.0,10.0,0.0,4.0,4.0,7.0
756,7.0,19.0,27706.0,1.0,4.0,12.0,3.0,0.0,0.0,3.0,2.0,10.0,1.0,2.0,2.0,9.0
757,7.0,18.0,27707.0,0.0,0.0,99.0,4.0,1.0,0.0,2.0,2.0,10.0,3.0,4.0,4.0,5.0
758,7.0,22.0,27705.0,2.0,4.0,3.0,0.0,1.0,0.0,5.0,3.0,9.0,3.0,5.0,2.0,8.0
759,1.0,29.0,27707.0,1.0,1.0,41.0,3.0,0.0,0.0,4.0,2.0,3.0,5.0,2.0,1.0,3.0
760,10.0,23.0,27707.0,0.0,1.0,73.0,1.0,1.0,0.0,3.0,5.0,7.0,3.0,2.0,2.0,10.0
761,11.0,25.0,27705.0,2.0,0.0,19.0,0.0,0.0,0.0,2.0,4.0,1.0,2.0,1.0,4.0,6.0
762,1.0,29.0,27706.0,1.0,0.0,48.0,2.0,1.0,0.0,4.0,5.0,3.0,1.0,1.0,3.0,8.0
763,11.0,18.0,27707.0,2.0,4.0,95.0,2.0,0.0,0.0,4.0,2.0,2.0,0.0,2.0,3.0,6.0
764,1.0,26.0,27705.0,1.0,4.0,48.0,3.0,0.0,0.0,1.0,4.0,1.0,5.0,2.0,1.0,8.0
765,10.0,27.0,27705.0,1.0,0.0,44.0,3.0,1.0,0.0,3.0,5.0,9.0,0.0,3.0,5.0,8.0
766,7.0,20.0,27705.0,1.0,3.0,23.0,2.0,0.0,0.0,5.0,3.0,8.0,4.0,5.0,1.0,9.0
767,7.0,24.0,27706.0,0.0,0.0,83.0,4.0,0.0,0.0,2.0,2.0,1.0,4.0,5.0,4.0,6.0
768,8.0,27.0,27706.0,2.0,3.0,18.0,0.0,0.0,0.0,4.0,5.0,0.0,1.0,1.0,1.0,7.0
769,0.0,24.0,27705.0,2.0,3.0,35.0,4.0,0.0,0.0,4.0,2.0,10.0,4.0,5.0,5.0,1.0
770,10.0,19.0,27707.0,2.0,2.0,99.0,3.0,0.0,0.0,5.0,2.0,9.0,1.0,5.0,5.0,10.0
771,5.0,26.0,27705.0,2.0,4.0,43.0,1.0,0.0,0.0,5.0,4.0,4.0,1.0,2.0,5.0,8.0
772,4.0,26.0,27707.0,2.0,2.0,24.0,2.0,0.0,0.0,2.0,5.0,3.0,1.0,1.0,1.0,0.0
773,5.0,20.0,27705.0,1.0,3.0,47.0,0.0,0.0,0.0,2.0,2.0,7.0,2.0,3.0,4.0,9.0
774,4.0,30.0,27707.0,0.0,3.0,63.0,0.0,1.0,0.0,1.0,3.0,1.0,2.0,4.0,3.0,4.0
775,7.0,27.0,27707.0,2.0,4.0,6.0,2.0,1.0,0.0,4.0,2.0,2.0,4.0,2.0,2.0,2.0
776,7.0,21.0,27706.0,1.0,2.0,32.0,1.0,1.0,0.0,4.0,5.0,7.0,3.0,4.0,1.0,8.0
777,8.0,28.0,27705.0,2.0,3.0,71.0,3.0,1.0,0.0,5.0,5.0,6.0,2.0,4.0,2.0,0.0
778,9.0,19.0,27705.0,2.0,0.0,35.0,2.0,1.0,0.0,5.0,3.0,7.0,0.0,5.0,2.0,8.0
779,1.0,24.0,27707.0,0.0,3.0,23.0,3.0,1.0,0.0,2.0,2.0,7.0,5.0,1.0,3.0,10.0
780,1.0,26.0,27707.0,0.0,1.0,29.0,3.0,0.0,0.0,1.0,3.0,1.0,4.0,4.0,2.0,1.0
781,4.0,20.0,27705.0,1.0,1.0,49.0,0.0,1.0,0.0,2.0,5.0,6.0,4.0,1.0,2.0,10.0
782,5.0,19.0,27707.0,2.0,2.0,76.0,0.0,1.0,0.0,5.0,3.0,4.0,0.0,3.0,1.0,5.0
783,10.0,19.0,27706.0,0.0,0.0,17.0,1.0,1.0,0.0,1.0,2.0,0.0,3.0,3.0,5.0,9.0
784,11.0,25.0,27705.0,1.0,0.0,52.0,0.0,0.0,0.0,3.0,2.0,7.0,4.0,5.0,1.0,10.0
785,1.0,21.0,27706.0,2.0,4.0,19.0,3.0,0.0,0.0,5.0,5.0,10.0,2.0,5.0,4.0,0.0
786,4.0,27.0,27705.0,1.0,2.0,55.0,4.0,1.0,0.0,2.0,2.0,1.0,0.0,1.0,5.0,10.0
787,11.0,27.0,27707.0,0.0,3.0,64.0,0.0,1.0,0.0,1.0,5.0,2.0,5.0,2.0,1.0,5.0
788,1.0,22.0,27705.0,0.0,1.0,32.0,3.0,1.0,0.0,5.0,4.0,8.0,0.0,3.0,4.0,2.0
789,9.0,26.0,27706.0,2.0,1.0,43.0,0.0,0.0,0.0,4.0,4.0,5.0,4.0,2.0,1.0,9.0
790,10.0,27.0,27706.0,1.0,4.0,2.0,4.0,1.0,0.0,1.0,5.0,4.0,5.0,5.0,3.0,9.0
791,2.0,25.0,27705.0,1.0,1.0,2.0,2.0,0.0,0.0,1.0,5.0,5.0,3.0,2.0,2.0,6.0
792,4.0,25.0,27705.0,1.0,4.0,60.0,3.0,0.0,0.0,5.0,4.0,5.0,3.0,3.0,4.0,3.0
793,0.0,25.0,27707.0,1.0,1.0,39.0,4.0,1.0,0.0,2.0,4.0,3.0,5.0,3.0,4.0,0.0
794,1.0,30.0,27705.0,1.0,3.0,68.0,0.0,1.0,0.0,5.0,4.0,8.0,3.0,1.0,4.0,7.0
795,4.0,22.0,27707.0,0.0,4.0,29.0,2.0,1.0,0.0,4.0,3.0,10.0,1.0,1.0,2.0,1.0
796,4.0,18.0,27705.0,2.0,4.0,54.0,4.0,1.0,0.0,2.0,1.0,7.0,3.0,1.0,3.0,2.0
797,9.0,19.0,27707.0,1.0,3.0,72.0,1.0,1.0,0.0,4.0,4.0,3.0,3.0,2.0,2.0,0.0
798,2.0,25.0,27706.0,2.0,1.0,88.0,4.0,0.0,0.0,4.0,3.0,6.0,2.0,1.0,2.0,4.0
799,8.0,20.0,27706.0,0.0,2.0,12.0,0.0,1.0,0.0,4.0,5.0,4.0,4.0,3.0,1.0,5.0
800,0.0,27.0,27706.0,1.0,3.0,78.0,0.0,0.0,0.0,1.0,4.0,8.0,2.0,4.0,3.0,3.0
801,1.0,28.0,27707.0,2.0,2.0,87.0,1.0,1.0,0.0,3.0,1.0,4.0,2.0,4.0,1.0,0.0
802,5.0,23.0,27706.0,1.0,2.0,33.0,2.0,1.0,0.0,1.0,5.0,6.0,1.0,2.0,4.0,9.0
803,4.0,28.0,27706.0,2.0,2.0,84.0,3.0,1.0,0.0,5.0,2.0,6.0,4.0,2.0,3.0,9.0
804,0.0,20.0,27706.0,0.0,4.0,64.0,3.0,0.0,0.0,3.0,5.0,0.0,5.0,3.0,2.0,8.0
805,5.0,19.0,27705.0,2.0,0.0,72.0,3.0,0.0,0.0,1.0,1.0,10.0,0.0,2.0,2.0,7.0
806,11.0,30.0,27705.0,0.0,0.0,13.0,4.0,1.0,0.0,2.0,1.0,9.0,3.0,2.0,1.0,9.0
807,4.0,25.0,27707.0,0.0,1.0,76.0,2.0,1.0,0.0,2.0,2.0,5.0,0.0,5.0,1.0,3.0
808,11.0,27.0,27706.0,0.0,2.0,78.0,3.0,1.0,0.0,3.0,5.0,4.0,4.0,5.0,3.0,7.0
809,11.0,23.0,27706.0,1.0,2.0,29.0,1.0,0.0,0.0,4.0,4.0,10.0,3.0,1.0,3.0,9.0
810,11.0,20.0,27707.0,0.0,0.0,60.0,0.0,1.0,0.0,3.0,4.0,2.0,3.0,3.0,5.0,0.0
811,9.0,30.0,27707.0,0.0,4.0,6.0,2.0,1.0,0.0,3.0,3.0,0.0,3.0,4.0,5.0,9.0
812,11.0,21.0,27706.0,2.0,1.0,33.0,2.0,1.0,0.0,5.0,5.0,3.0,2.0,1.0,4.0,1.0
813,10.0,19.0,27706.0,2.0,0.0,76.0,1.0,0.0,0.0,2.0,2.0,5.0,3.0,2.0,5.0,5.0
814,2.0,27.0,27706.0,1.0,1.0,45.0,1.0,0.0,0.0,5.0,5.0,7.0,4.0,1.0,3.0,9.0
815,11.0,24.0,27707.0,2.0,4.0,6.0,2.0,0.0,0.0,1.0,2.0,2.0,1.0,2.0,5.0,9.0
816,10.0,29.0,27707.0,0.0,1.0,48.0,2.0,1.0,0.0,2.0,2.0,2.0,2.0,5.0,3.0,5.0
817,9.0,24.0,27705.0,2.0,2.0,52.0,2.0,0.0,0.0,5.0,3.0,8.0,4.0,5.0,1.0,7.0
818,6.0,22.0,27707.0,1.0,4.0,46.0,1.0,1.0,0.0,3.0,2.0,9.0,4.0,2.0,4.0,0.0
819,5.0,20.0,27705.0,1.0,0.0,86.0,2.0,1.0,0.0,4.0,4.0,9.0,0.0,5.0,1.0,4.0
820,2.0,30.0,27705.0,1.0,4.0,32.0,2.0,1.0,0.0,2.0,1.0,7.0,3.0,2.0,5.0,10.0
821,0.0,25.0,27706.0,2.0,1.0,89.0,0.0,1.0,0.0,3.0,4.0,4.0,3.0,3.0,1.0,5.0
822,6.0,21.0,27707.0,0.0,1.0,64.0,1.0,1.0,0.0,2.0,1.0,1.0,1.0,1.0,2.0,4.0
823,11.0,27.0,27707.0,1.0,0.0,55.0,3.0,1.0,0.0,1.0,5.0,2.0,4.0,4.0,5.0,1.0
824,9.0,19.0,27706.0,2.0,0.0,3.0,1.0,1.0,0.0,4.0,2.0,8.0,1.0,3.0,2.0,2.0
825,1.0,29.0,27707.0,2.0,3.0,2.0,2.0,0.0,0.0,5.0,5.0,6.0,2.0,4.0,2.0,2.0
826,8.0,24.0,27707.0,2.0,2.0,68.0,4.0,1.0,0.0,3.0,1.0,0.0,0.0,4.0,2.0,9.0
827,0.0,23.0,27707.0,1.0,3.0,10.0,4.0,0.0,0.0,2.0,2.0,3.0,3.0,3.0,1.0,6.0
828,0.0,26.0,27705.0,2.0,2.0,81.0,2.0,1.0,0.0,3.0,2.0,1.0,0.0,5.0,4.0,0.0
829,4.0,20.0,27707.0,0.0,2.0,98.0,0.0,0.0,0.0,5.0,4.0,6.0,0.0,2.0,1.0,1.0
830,1.0,23.0,27707.0,2.0,3.0,89.0,4.0,1.0,0.0,5.0,2.0,1.0,1.0,4.0,2.0,10.0
831,3.0,19.0,27707.0,0.0,1.0,42.0,4.0,1.0,0.0,1.0,1.0,8.0,2.0,5.0,2.0,0.0
832,6.0,22.0,27706.0,2.0,2.0,35.0,4.0,1.0,0.0,3.0,3.0,2.0,3.0,1.0,2.0,7.0
833,8.0,27.0,27706.0,2.0,1.0,98.0,3.0,1.0,0.0,4.0,1.0,7.0,0.0,3.0,1.0,4.0
834,7.0,25.0,27705.0,1.0,1.0,82.0,4.0,0.0,0.0,2.0,3.0,0.0,2.0,3.0,1.0,0.0
835,7.0,19.0,27705.0,2.0,2.0,0.0,3.0,0.0,0.0,1.0,3.0,8.0,4.0,4.0,5.0,6.0
836,2.0,28.0,27707.0,1.0,1.0,80.0,2.0,1.0,0.0,5.0,2.0,6.0,2.0,4.0,2.0,0.0
837,3.0,29.0,27707.0,1.0,3.0,84.0,3.0,0.0,0.0,4.0,2.0,9.0,2.0,4.0,4.0,2.0
838,1.0,18.0,27706.0,0.0,0.0,88.0,4.0,1.0,0.0,4.0,2.0,7.0,0.0,4.0,3.0,10.0
839,0.0,27.0,27705.0,2.0,3.0,19.0,2.0,1.0,0.0,2.0,3.0,8.0,5.0,4.0,4.0,3.0
840,8.0,25.0,27706.0,2.0,2.0,19.0,1.0,1.0,0.0,1.0,2.0,10.0,5.0,5.0,5.0,3.0
841,1.0,22.0,27706.0,1.0,3.0,67.0,3.0,0.0,0.0,5.0,3.0,1.0,2.0,3.0,3.0,3.0
842,10.0,23.0,27707.0,0.0,0.0,64.0,4.0,0.0,0.0,2.0,4.0,6.0,0.0,4.0,1.0,5.0
843,10.0,19.0,27707.0,2.0,3.0,2.0,4.0,1.0,0.0,3.0,1.0,5.0,5.0,5.0,3.0,2.0
844,7.0,25.0,27706.0,1.0,3.0,96.0,0.0,1.0,0.0,4.0,1.0,9.0,0.0,4.0,3.0,3.0
845,9.0,23.0,27705.0,2.0,4.0,5.0,1.0,0.0,0.0,1.0,1.0,1.0,5.0,3.0,3.0,7.0
846,0.0,27.0,27706.0,1.0,4.0,20.0,4.0,1.0,0.0,1.0,3.0,1.0,1.0,1.0,4.0,7.0
847,7.0,29.0,27706.0,2.0,1.0,73.0,2.0,1.0,0.0,5.0,4.0,4.0,1.0,4.0,4.0,4.0
848,7.0,22.0,27707.0,0.0,4.0,4.0,3.0,1.0,0.0,1.0,4.0,9.0,1.0,4.0,5.0,6.0
849,4.0,27.0,27705.0,0.0,2.0,90.0,4.0,0.0,0.0,2.0,5.0,4.0,0.0,3.0,2.0,5.0
850,2.0,22.0,27707.0,0.0,3.0,80.0,0.0,1.0,0.0,4.0,4.0,10.0,5.0,3.0,2.0,7.0
851,1.0,26.0,27705.0,1.0,2.0,35.0,4.0,0.0,0.0,1.0,2.0,1.0,2.0,1.0,3.0,0.0
852,6.0,21.0,27705.0,1.0,1.0,95.0,2.0,0.0,0.0,1.0,2.0,2.0,2.0,2.0,1.0,10.0
853,0.0,23.0,27705.0,1.0,1.0,1.0,1.0,1.0,0.0,2.0,4.0,8.0,1.0,1.0,1.0,2.0
854,0.0,22.0,27705.0,1.0,4.0,24.0,2.0,1.0,0.0,5.0,4.0,7.0,3.0,3.0,4.0,3.0
855,3.0,26.0,27706.0,2.0,3.0,7.0,0.0,1.0,0.0,5.0,1.0,1.0,3.0,2.0,4.0,9.0
856,3.0,21.0,27707.0,2.0,4.0,87.0,2.0,1.0,0.0,4.0,2.0,4.0,1.0,4.0,4.0,6.0
857,11.0,21.0,27707.0,1.0,4.0,6.0,2.0,0.0,0.0,3.0,5.0,4.0,4.0,1.0,1.0,7.0
858,5.0,23.0,27706.0,0.0,3.0,22.0,3.0,0.0,0.0,5.0,3.0,2.0,4.0,1.0,2.0,2.0
859,0.0,18.0,27706.0,0.0,3.0,68.0,2.0,1.0,0.0,2.0,1.0,7.0,0.0,2.0,5.0,6.0
860,11.0,22.0,27707.0,2.0,2.0,68.0,3.0,0.0,0.0,2.0,2.0,9.0,1.0,1.0,1.0,0.0
861,3.0,28.0,27706.0,2.0,3.0,66.0,4.0,1.0,0.0,2.0,4.0,7.0,1.0,2.0,2.0,2.0
862,0.0,29.0,27705.0,0.0,4.0,28.0,2.0,0.0,0.0,4.0,2.0,3.0,0.0,3.0,3.0,1.0
863,7.0,30.0,27706.0,0.0,0.0,2.0,0.0,0.0,0.0,5.0,3.0,5.0,4.0,5.0,4.0,4.0
864,1.0,23.0,27707.0,0.0,3.0,76.0,3.0,1.0,0.0,2.0,1.0,3.0,2.0,2.0,1.0,2.0
865,8.0,26.0,27705.0,1.0,4.0,19.0,4.0,0.0,0.0,3.0,1.0,1.0,4.0,2.0,4.0,1.0
866,7.0,30.0,27707.0,0.0,4.0,52.0,0.0,1.0,0.0,4.0,2.0,0.0,2.0,3.0,5.0,3.0
867,11.0,20.0,27707.0,0.0,2.0,91.0,1.0,0.0,0.0,3.0,4.0,2.0,0.0,2.0,1.0,6.0
868,3.0,26.0,27706.0,0.0,2.0,44.0,4.0,0.0,0.0,1.0,4.0,3.0,0.0,3.0,4.0,7.0
869,6.0,19.0,27706.0,2.0,3.0,42.0,2.0,0.0,0.0,3.0,5.0,9.0,4.0,3.0,5.0,1.0
870,10.0,30.0,27705.0,1.0,0.0,57.0,2.0,1.0,0.0,1.0,4.0,1.0,3.0,5.0,3.0,4.0
871,10.0,18.0,27707.0,0.0,3.0,42.0,0.0,1.0,0.0,4.0,3.0,5.0,1.0,1.0,2.0,7.0
872,2.0,23.0,27706.0,1.0,4.0,8.0,0.0,0.0,0.0,2.0,5.0,10.0,4.0,2.0,5.0,1.0
873,8.0,28.0,27705.0,1.0,2.0,48.0,2.0,1.0,0.0,3.0,5.0,7.0,2.0,3.0,3.0,8.0
874,0.0,25.0,27706.0,0.0,0.0,55.0,1.0,0.0,0.0,1.0,3.0,6.0,0.0,2.0,5.0,10.0
875,5.0,26.0,27706.0,0.0,4.0,90.0,3.0,0.0,0.0,4.0,3.0,2.0,4.0,5.0,4.0,6.0
876,11.0,27.0,27707.0,0.0,2.0,86.0,1.0,0.0,0.0,3.0,5.0,4.0,0.0,2.0,5.0,6.0
877,3.0,26.0,27707.0,1.0,4.0,94.0,0.0,1.0,0.0,2.0,1.0,1.0,5.0,2.0,3.0,2.0
878,2.0,19.0,27707.0,1.0,3.0,78.0,1.0,0.0,0.0,1.0,5.0,8.0,3.0,5.0,4.0,2.0
879,7.0,22.0,27707.0,0.0,2.0,33.0,2.0,1.0,0.0,5.0,3.0,3.0,3.0,1.0,2.0,7.0
880,3.0,29.0,27707.0,2.0,4.0,54.0,0.0,1.0,0.0,3.0,1.0,3.0,4.0,3.0,3.0,2.0
881,3.0,30.0,27705.0,0.0,0.0,78.0,4.0,1.0,0.0,3.0,3.0,4.0,0.0,1.0,5.0,10.0
882,3.0,24.0,27707.0,0.0,0.0,58.0,2.0,0.0,0.0,4.0,5.0,3.0,4.0,4.0,2.0,7.0
883,3.0,29.0,27706.0,1.0,4.0,66.0,4.0,1.0,0.0,1.0,3.0,3.0,4.0,3.0,4.0,3.0
884,1.0,23.0,27706.0,0.0,3.0,79.0,3.0,1.0,0.0,2.0,5.0,2.0,4.0,4.0,4.0,3.0
885,5.0,28.0,27705.0,2.0,3.0,88.0,3.0,1.0,0.0,2.0,1.0,8.0,1.0,3.0,1.0,7.0
886,3.0,18.0,27706.0,1.0,1.0,90.0,4.0,1.0,0.0,5.0,3.0,1.0,1.0,3.0,4.0,2.0
887,10.0,29.0,27706.0,0.0,0.0,67.0,0.0,1.0,0.0,1.0,2.0,8.0,4.0,4.0,4.0,6.0
888,6.0,30.0,27705.0,1.0,1.0,12.0,2.0,1.0,0.0,1.0,2.0,3.0,1.0,2.0,4.0,2.0
889,11.0,23.0,27705.0,0.0,1.0,18.0,1.0,1.0,0.0,2.0,5.0,4.0,1.0,2.0,2.0,10.0
890,3.0,28.0,27707.0,2.0,2.0,19.0,2.0,1.0,0.0,5.0,1.0,7.0,5.0,2.0,1.0,10.0
891,2.0,26.0,27706.0,1.0,2.0,51.0,3.0,0.0,0.0,3.0,1.0,7.0,3.0,3.0,5.0,6.0
892,4.0,30.0,27705.0,2.0,3.0,90.0,2.0,0.0,0.0,1.0,5.0,0.0,4.0,5.0,5.0,4.0
893,2.0,28.0,27706.0,1.0,3.0,68.0,3.0,0.0,0.0,3.0,4.0,8.0,4.0,3.0,2.0,0.0
894,2.0,30.0,27706.0,2.0,2.0,86.0,2.0,0.0,0.0,2.0,2.0,7.0,1.0,3.0,5.0,5.0
895,5.0,30.0,27705.0,1.0,4.0,57.0,4.0,0.0,0.0,2.0,2.0,4.0,2.0,5.0,3.0,3.0
896,0.0,18.0,27706.0,0.0,2.0,13.0,0.0,0.0,0.0,4.0,2.0,1.0,5.0,2.0,3.0,5.0
897,1.0,27.0,27707.0,1.0,2.0,65.0,3.0,0.0,0.0,3.0,2.0,1.0,4.0,1.0,5.0,2.0
898,10.0,25.0,27707.0,2.0,4.0,83.0,3.0,1.0,0.0,3.0,5.0,8.0,3.0,1.0,5.0,2.0
899,6.0,26.0,27707.0,2.0,3.0,4.0,4.0,0.0,0.0,4.0,1.0,3.0,0.0,5.0,1.0,7.0
900,9.0,27.0,27707.0,0.0,1.0,61.0,3.0,0.0,0.0,4.0,1.0,10.0,4.0,4.0,3.0,2.0
901,4.0,30.0,27706.0,1.0,3.0,61.0,2.0,1.0,0.0,2.0,3.0,4.0,5.0,4.0,1.0,2.0
902,5.0,28.0,27706.0,1.0,3.0,37.0,3.0,0.0,0.0,1.0,5.0,7.0,3.0,3.0,3.0,3.0
903,8.0,18.0,27705.0,2.0,4.0,56.0,0.0,1.0,0.0,1.0,4.0,6.0,3.0,3.0,4.0,7.0
904,9.0,28.0,27707.0,2.0,1.0,53.0,4.0,0.0,0.0,3.0,2.0,8.0,3.0,3.0,5.0,6.0
905,11.0,21.0,27706.0,0.0,2.0,59.0,1.0,1.0,0.0,4.0,3.0,8.0,3.0,1.0,5.0,5.0
906,1.0,22.0,27706.0,1.0,4.0,53.0,2.0,1.0,0.0,1.0,3.0,6.0,2.0,5.0,1.0,6.0
907,4.0,20.0,27707.0,2.0,1.0,5.0,1.0,1.0,0.0,5.0,5.0,1.0,1.0,5.0,1.0,3.0
908,6.0,30.0,27705.0,2.0,2.0,78.0,1.0,1.0,0.0,4.0,1.0,6.0,1.0,1.0,4.0,4.0
909,2.0,26.0,27707.0,0.0,0.0,50.0,3.0,1.0,0.0,3.0,4.0,3.0,1.0,5.0,3.0,9.0
910,2.0,23.0,27706.0,0.0,2.0,7.0,4.0,1.0,0.0,2.0,4.0,7.0,0.0,1.0,3.0,4.0
911,9.0,30.0,27705.0,1.0,4.0,36.0,2.0,0.0,0.0,5.0,3.0,7.0,3.0,2.0,3.0,0.0
912,10.0,27.0,27706.0,2.0,1.0,20.0,0.0,1.0,0.0,3.0,5.0,10.0,3.0,4.0,2.0,8.0
913,0.0,30.0,27705.0,1.0,2.0,91.0,0.0,0.0,0.0,1.0,3.0,1.0,1.0,4.0,1.0,5.0
914,10.0,23.0,27707.0,0.0,1.0,88.0,0.0,1.0,0.0,1.0,1.0,4.0,2.0,5.0,1.0,6.0
915,6.0,30.0,27706.0,0.0,1.0,32.0,2.0,0.0,0.0,3.0,5.0,1.0,5.0,4.0,4.0,5.0
916,7.0,24.0,27705.0,1.0,4.0,7.0,1.0,0.0,0.0,4.0,4.0,6.0,2.0,3.0,5.0,1.0
917,4.0,21.0,27707.0,0.0,0.0,75.0,0.0,1.0,0.0,4.0,4.0,8.0,0.0,5.0,2.0,0.0
918,10.0,19.0,27705.0,2.0,1.0,8.0,4.0,1.0,0.0,2.0,4.0,2.0,0.0,5.0,1.0,4.0
919,1.0,24.0,27705.0,0.0,3.0,80.0,2.0,0.0,0.0,3.0,5.0,7.0,0.0,5.0,5.0,9.0
920,3.0,27.0,27706.0,0.0,2.0,7.0,1.0,0.0,0.0,5.0,5.0,5.0,3.0,1.0,4.0,5.0
921,11.0,27.0,27707.0,2.0,2.0,18.0,4.0,0.0,0.0,5.0,2.0,0.0,3.0,1.0,5.0,9.0
922,3.0,27.0,27707.0,0.0,4.0,6.0,3.0,0.0,0.0,5.0,5.0,5.0,5.0,2.0,1.0,7.0
923,3.0,28.0,27706.0,0.0,0.0,69.0,1.0,0.0,0.0,1.0,1.0,5.0,0.0,1.0,5.0,6.0
924,4.0,27.0,27707.0,0.0,3.0,56.0,1.0,1.0,0.0,3.0,1.0,4.0,5.0,4.0,1.0,0.0
925,5.0,23.0,27706.0,1.0,4.0,12.0,3.0,1.0,0.0,3.0,2.0,4.0,5.0,2.0,4.0,10.0
926,10.0,30.0,27707.0,2.0,1.0,49.0,2.0,0.0,0.0,1.0,5.0,9.0,3.0,3.0,2.0,2.0
927,4.0,19.0,27706.0,1.0,4.0,30.0,4.0,1.0,0.0,5.0,4.0,8.0,2.0,1.0,5.0,7.0
928,4.0,22.0,27705.0,0.0,1.0,5.0,4.0,0.0,0.0,2.0,3.0,0.0,2.0,3.0,4.0,1.0
929,3.0,18.0,27707.0,0.0,4.0,50.0,2.0,0.0,0.0,2.0,2.0,10.0,0.0,2.0,3.0,0.0
930,10.0,26.0,27705.0,2.0,3.0,46.0,4.0,1.0,0.0,4.0,1.0,8.0,3.0,5.0,1.0,7.0
931,1.0,19.0,27705.0,2.0,3.0,45.0,4.0,1.0,0.0,1.0,1.0,9.0,0.0,5.0,1.0,1.0
932,4.0,26.0,27707.0,0.0,3.0,5.0,4.0,1.0,0.0,4.0,4.0,1.0,5.0,1.0,4.0,9.0
933,6.0,28.0,27705.0,1.0,4.0,50.0,1.0,0.0,0.0,4.0,3.0,1.0,4.0,4.0,2.0,8.0
934,6.0,23.0,27705.0,1.0,3.0,77.0,2.0,0.0,0.0,5.0,2.0,7.0,5.0,3.0,3.0,3.0
935,8.0,18.0,27706.0,0.0,2.0,4.0,4.0,0.0,0.0,2.0,1.0,6.0,1.0,3.0,3.0,1.0
936,8.0,23.0,27706.0,1.0,2.0,19.0,1.0,0.0,0.0,2.0,4.0,0.0,5.0,1.0,2.0,0.0
937,5.0,20.0,27706.0,2.0,0.0,91.0,0.0,0.0,0.0,5.0,3.0,1.0,4.0,2.0,1.0,9.0
938,0.0,27.0,27706.0,1.0,4.0,12.0,4.0,0.0,0.0,2.0,5.0,2.0,4.0,3.0,2.0,2.0
939,9.0,30.0,27707.0,0.0,0.0,15.0,0.0,1.0,0.0,5.0,1.0,3.0,1.0,5.0,2.0,8.0
940,2.0,21.0,27706.0,1.0,3.0,38.0,2.0,1.0,0.0,2.0,2.0,2.0,2.0,1.0,1.0,2.0
941,2.0,19.0,27705.0,1.0,1.0,38.0,4.0,1.0,0.0,2.0,2.0,2.0,4.0,2.0,2.0,5.0
942,9.0,25.0,27705.0,1.0,0.0,74.0,4.0,0.0,0.0,5.0,5.0,2.0,5.0,3.0,5.0,0.0
943,0.0,23.0,27706.0,0.0,2.0,69.0,0.0,1.0,0.0,1.0,5.0,2.0,2.0,1.0,2.0,10.0
944,9.0,24.0,27705.0,1.0,2.0,43.0,3.0,1.0,0.0,2.0,5.0,10.0,3.0,1.0,5.0,10.0
945,4.0,28.0,27707.0,1.0,2.0,31.0,4.0,1.0,0.0,4.0,5.0,9.0,2.0,2.0,3.0,0.0
946,10.0,19.0,27706.0,0.0,4.0,85.0,4.0,0.0,0.0,1.0,2.0,6.0,3.0,1.0,5.0,2.0
947,2.0,25.0,27705.0,0.0,2.0,24.0,3.0,0.0,0.0,5.0,3.0,4.0,1.0,2.0,1.0,7.0
948,0.0,22.0,27706.0,1.0,0.0,1.0,1.0,0.0,0.0,1.0,1.0,7.0,2.0,3.0,5.0,4.0
949,0.0,18.0,27706.0,2.0,4.0,79.0,0.0,0.0,0.0,3.0,5.0,8.0,5.0,5.0,5.0,3.0
950,6.0,28.0,27706.0,2.0,3.0,84.0,4.0,1.0,0.0,2.0,5.0,0.0,0.0,1.0,4.0,7.0
951,1.0,27.0,27706.0,0.0,3.0,84.0,1.0,0.0,0.0,2.0,1.0,0.0,4.0,5.0,2.0,4.0
952,5.0,28.0,27705.0,1.0,2.0,36.0,2.0,0.0,0.0,5.0,1.0,2.0,5.0,2.0,2.0,6.0
953,0.0,25.0,27707.0,0.0,2.0,28.0,4.0,1.0,0.0,5.0,5.0,1.0,3.0,1.0,4.0,9.0
954,0.0,20.0,27705.0,0.0,4.0,84.0,3.0,0.0,0.0,2.0,5.0,1.0,4.0,1.0,1.0,9.0
955,11.0,26.0,27706.0,1.0,1.0,72.0,4.0,0.0,0.0,4.0,3.0,10.0,3.0,2.0,1.0,1.0
956,8.0,24.0,27707.0,2.0,2.0,20.0,2.0,1.0,0.0,1.0,2.0,1.0,5.0,3.0,2.0,4.0
957,0.0,20.0,27707.0,2.0,1.0,51.0,0.0,0.0,0.0,4.0,3.0,3.0,5.0,3.0,4.0,9.0
958,10.0,22.0,27705.0,2.0,4.0,22.0,1.0,1.0,0.0,3.0,2.0,3.0,3.0,4.0,2.0,2.0
959,9.0,19.0,27706.0,0.0,4.0,39.0,3.0,0.0,0.0,3.0,3.0,1.0,1.0,4.0,2.0,8.0
960,11.0,21.0,27706.0,1.0,2.0,14.0,0.0,1.0,0.0,3.0,2.0,0.0,0.0,4.0,1.0,1.0
961,1.0,25.0,27705.0,1.0,4.0,28.0,0.0,1.0,0.0,2.0,5.0,3.0,3.0,5.0,4.0,8.0
962,4.0,26.0,27707.0,2.0,1.0,16.0,4.0,0.0,0.0,3.0,3.0,2.0,2.0,4.0,3.0,3.0
963,10.0,29.0,27705.0,0.0,0.0,64.0,3.0,0.0,0.0,1.0,3.0,7.0,2.0,3.0,5.0,4.0
964,8.0,30.0,27707.0,1.0,3.0,33.0,0.0,0.0,0.0,1.0,1.0,0.0,5.0,4.0,2.0,2.0
965,3.0,29.0,27706.0,0.0,2.0,71.0,3.0,1.0,0.0,1.0,5.0,3.0,0.0,1.0,1.0,1.0
966,4.0,27.0,27705.0,2.0,3.0,27.0,3.0,1.0,0.0,4.0,3.0,7.0,3.0,2.0,2.0,10.0
967,10.0,19.0,27707.0,0.0,4.0,16.0,1.0,1.0,0.0,3.0,2.0,8.0,3.0,1.0,1.0,0.0
968,11.0,27.0,27706.0,0.0,0.0,75.0,2.0,1.0,0.0,1.0,4.0,5.0,1.0,3.0,5.0,7.0
969,2.0,23.0,27706.0,0.0,2.0,11.0,3.0,1.0,0.0,1.0,1.0,8.0,4.0,1.0,4.0,9.0
970,0.0,30.0,27705.0,1.0,0.0,12.0,2.0,1.0,0.0,2.0,3.0,1.0,2.0,1.0,5.0,7.0
971,0.0,29.0,27705.0,1.0,4.0,77.0,2.0,1.0,0.0,5.0,3.0,4.0,0.0,1.0,4.0,2.0
972,11.0,22.0,27707.0,0.0,0.0,51.0,3.0,0.0,0.0,2.0,2.0,6.0,4.0,3.0,1.0,10.0
973,2.0,24.0,27705.0,0.0,1.0,88.0,3.0,0.0,0.0,2.0,1.0,4.0,0.0,5.0,4.0,3.0
974,0.0,20.0,27707.0,0.0,2.0,20.0,3.0,1.0,0.0,4.0,1.0,8.0,5.0,3.0,3.0,9.0
975,6.0,24.0,27706.0,2.0,0.0,54.0,3.0,0.0,0.0,2.0,1.0,10.0,1.0,5.0,3.0,0.0
976,3.0,25.0,27706.0,2.0,0.0,13.0,2.0,0.0,0.0,4.0,4.0,5.0,5.0,1.0,2.0,4.0
977,4.0,21.0,27706.0,2.0,0.0,69.0,2.0,1.0,0.0,4.0,1.0,8.0,2.0,2.0,4.0,8.0
978,10.0,29.0,27706.0,2.0,2.0,36.0,3.0,0.0,0.0,3.0,2.0,1.0,2.0,1.0,3.0,6.0
979,0.0,25.0,27706.0,0.0,0.0,0.0,3.0,1.0,0.0,5.0,2.0,2.0,2.0,2.0,1.0,1.0
980,6.0,30.0,27706.0,2.0,1.0,34.0,2.0,1.0,0.0,2.0,5.0,9.0,2.0,2.0,3.0,10.0
981,6.0,22.0,27707.0,2.0,1.0,70.0,3.0,1.0,0.0,1.0,1.0,6.0,1.0,5.0,5.0,9.0
982,6.0,21.0,27706.0,1.0,2.0,68.0,3.0,1.0,0.0,5.0,5.0,8.0,5.0,1.0,4.0,3.0
983,7.0,30.0,27705.0,1.0,3.0,99.0,0.0,0.0,0.0,2.0,1.0,9.0,1.0,1.0,4.0,6.0
984,5.0,22.0,27707.0,0.0,3.0,17.0,0.0,1.0,0.0,5.0,1.0,0.0,2.0,2.0,1.0,9.0
985,9.0,27.0,27706.0,2.0,0.0,23.0,0.0,0.0,0.0,1.0,3.0,0.0,4.0,3.0,1.0,7.0
986,0.0,28.0,27705.0,0.0,0.0,68.0,3.0,0.0,0.0,2.0,2.0,2.0,0.0,4.0,1.0,6.0
987,1.0,18.0,27705.0,1.0,4.0,57.0,0.0,1.0,0.0,5.0,4.0,2.0,5.0,4.0,4.0,2.0
988,4.0,25.0,27705.0,2.0,4.0,6.0,0.0,1.0,0.0,4.0,4.0,10.0,1.0,4.0,4.0,8.0
989,4.0,24.0,27706.0,0.0,0.0,47.0,4.0,0.0,0.0,5.0,5.0,8.0,1.0,5.0,2.0,0.0
990,9.0,19.0,27706.0,1.0,1.0,90.0,3.0,1.0,0.0,3.0,1.0,5.0,2.0,2.0,3.0,1.0
991,9.0,18.0,27707.0,2.0,0.0,4.0,4.0,0.0,0.0,4.0,5.0,0.0,1.0,4.0,2.0,3.0
992,7.0,27.0,27706.0,2.0,4.0,30.0,0.0,0.0,0.0,5.0,4.0,1.0,4.0,3.0,3.0,8.0
993,1.0,29.0,27705.0,1.0,4.0,55.0,4.0,1.0,0.0,1.0,2.0,7.0,1.0,1.0,5.0,8.0
994,0.0,27.0,27707.0,0.0,3.0,6.0,3.0,1.0,0.0,3.0,2.0,2.0,4.0,3.0,4.0,6.0
995,11.0,29.0,27706.0,2.0,1.0,82.0,2.0,0.0,0.0,4.0,2.0,6.0,1.0,5.0,4.0,6.0
996,7.0,26.0,27706.0,1.0,2.0,15.0,0.0,1.0,0.0,4.0,5.0,2.0,3.0,3.0,2.0,5.0
997,7.0,18.0,27707.0,2.0,2.0,9.0,1.0,0.0,0.0,2.0,2.0,3.0,0.0,3.0,2.0,1.0
998,5.0,27.0,27707.0,2.0,4.0,98.0,3.0,1.0,0.0,5.0,3.0,9.0,5.0,1.0,3.0,10.0
999,0.0,30.0,27707.0,0.0,2.0,53.0,1.0,0.0,0.0,2.0,2.0,7.0,4.0,3.0,3.0,4.0
